id;date;wear_time;total_counts_axis1;total_counts_vm;axis1_per_min;vm_per_min;minutes_SED;minutes_LPA;minutes_MPA;minutes_VPA;minutes_MVPA;percent_SED;percent_LPA;percent_MPA;percent_VPA;percent_MVPA;ratio_mvpa_sed;mets_hours_mvpa;total_kcal;pal;total_steps;max_steps_60min;max_steps_30min;max_steps_20min;max_steps_5min;max_steps_1min;peak_steps_60min;peak_steps_30min;peak_steps_20min;peak_steps_5min;peak_steps_1min;ig;M1/3;M120;M60;M30;M15;M5
2;2024-03-12;533;227873;545599,32;427,53;1023,64;128;379;26;0;26;24,02;71,11;4,88;0;4,88;0,20;0;NA;NA;8408;43,43;74,03;101,20;115,2;125;88,83;106,73;111,80;120,6;125;-1,62;48,06;1567,35;2658,96;3343,06;3829,31;3829,31
2;2024-03-13;3;467;962,18;155,67;320,73;1;2;0;0;0;33,33;66,67;0,00;0;0,00;0,00;0;NA;NA;5;0,05;0,10;0,15;0,6;3;0,08;0,17;0,25;1,0;3;-0,63;NA;NA;NA;NA;NA;NA
2;2024-03-14;640;302182;778335,72;472,16;1216,15;177;396;67;0;67;27,66;61,88;10,47;0;10,47;0,38;0;NA;NA;8999;42,53;61,67;80,05;105,0;133;87,03;100,13;104,85;117,6;133;-1,40;154,97;2287,99;3837,67;5356,45;6237,56;6237,56
2;2024-03-15;6;2260;6483,46;376,67;1080,58;3;3;0;0;0;50,00;50,00;0,00;0;0,00;0,00;0;NA;NA;21;0,33;0,67;1,00;4,0;8;0,35;0,70;1,05;4,2;8;-0,40;NA;NA;NA;NA;NA;NA
2;2024-03-16;619;350024;815218,53;565,47;1316,99;203;328;88;0;88;32,79;52,99;14,22;0;14,22;0,43;0;NA;NA;10429;44,48;72,03;100,75;124,6;127;99,42;113,70;118,55;124,6;127;-1,38;74,42;2825,18;4171,65;5017,71;5615,21;5615,21
2;2024-03-17;1;0;3,00;0,00;3,00;1;0;0;0;0;100,00;0,00;0,00;0;0,00;0,00;0;NA;NA;0;0,00;0,00;0,00;0,0;0;0,00;0,00;0,00;0,0;0;NA;NA;NA;NA;NA;NA;NA
2;2024-03-18;531;287954;699892,78;542,29;1318,07;217;227;87;0;87;40,87;42,75;16,38;0;16,38;0,40;0;NA;NA;7943;67,03;74,30;80,25;110,4;125;78,65;93,20;101,20;117,8;125;-1,07;0,00;2168,41;4651,98;5192,94;5714,39;5714,39
2;2024-03-19;1;18;645,59;18,00;645,59;0;1;0;0;0;0,00;100,00;0,00;0;0,00;NA;0;NA;NA;1;0,02;0,03;0,05;0,2;1;0,02;0,03;0,05;0,2;1;NA;NA;NA;NA;NA;NA;NA
2;2024-03-20;236;30815;83408,43;130,57;353,43;166;67;3;0;3;70,34;28,39;1,27;0;1,27;0,02;0;NA;NA;423;3,80;4,47;4,65;10,6;31;6,77;11,10;14,05;23,0;31;-1,87;NA;11,00;327,92;1022,31;1684,43;1684,43
2;2024-03-21;16;1397;2858,53;87,31;178,66;12;4;0;0;0;75,00;25,00;0,00;0;0,00;0,00;0;NA;NA;12;0,12;0,23;0,35;1,0;3;0,20;0,40;0,60;2,2;3;-1,33;NA;NA;NA;NA;0,00;0,00
2;2024-03-22;75;31155;55802,13;415,40;744,03;43;30;2;0;2;57,33;40,00;2,67;0;2,67;0,05;0;NA;NA;632;9,90;18,37;22,40;38,0;46;10,53;21,07;29,25;43,4;46;-1,09;NA;NA;0,00;366,33;1581,13;1581,13
2;2024-03-23;0;0;0,00;NA;NA;0;0;0;0;0;NA;NA;NA;NA;NA;NA;0;NA;NA;0;0,00;0,00;0,00;0,0;0;0,00;0,00;0,00;0,0;0;NA;NA;NA;NA;NA;NA;NA
2;2024-03-24;0;0;0,00;NA;NA;0;0;0;0;0;NA;NA;NA;NA;NA;NA;0;NA;NA;0;0,00;0,00;0,00;0,0;0;0,00;0,00;0,00;0,0;0;NA;NA;NA;NA;NA;NA;NA
3;2024-03-12;984;383795;1032678,54;390,04;1049,47;339;570;75;0;75;34,45;57,93;7,62;0;7,62;0,22;0;NA;NA;11693;49,67;70,70;96,15;113,2;123;93,78;106,97;110,55;119,8;123;-1,72;489,27;2870,05;3608,08;4340,97;4964,13;4964,13
3;2024-03-13;444;128057;291984,21;288,42;657,62;308;104;32;0;32;69,37;23,42;7,21;0;7,21;0,10;0;NA;NA;1311;10,52;16,23;22,60;32,6;51;17,82;27,33;32,45;44,2;51;-1,37;NA;316,00;1201,09;3680,86;5292,84;5292,84
3;2024-03-14;648;426953;1051197,12;658,88;1622,22;102;437;109;0;109;15,74;67,44;16,82;0;16,82;1,07;0;NA;NA;10680;40,65;57,83;71,60;82,4;124;82,02;93,13;99,25;116,0;124;-1,55;340,24;3274,50;4358,02;5337,31;5869,29;5869,29
3;2024-03-15;742;331958;874000,97;447,38;1177,90;206;476;60;0;60;27,76;64,15;8,09;0;8,09;0,29;0;NA;NA;9901;45,65;65,40;84,35;121,2;125;86,82;105,47;113,80;124,4;125;-1,76;327,89;2594,50;3475,55;4122,15;4589,99;4589,99
3;2024-03-16;670;152097;404156,27;227,01;603,22;419;222;29;0;29;62,54;33,13;4,33;0;4,33;0,07;0;NA;NA;3736;22,13;34,33;41,30;64,0;89;42,02;55,10;60,80;76,0;89;-1,76;0,00;1085,62;2365,90;3389,96;4193,18;4193,18
3;2024-03-17;3;83;98,30;27,67;32,77;3;0;0;0;0;100,00;0,00;0,00;0;0,00;0,00;0;NA;NA;1;0,02;0,03;0,05;0,2;1;0,02;0,03;0,05;0,2;1;NA;NA;NA;NA;NA;NA;NA
3;2024-03-18;469;187944;497329,20;400,73;1060,40;218;205;46;0;46;46,48;43,71;9,81;0;9,81;0,21;0;NA;NA;3425;18,20;20,43;26,00;51,2;89;38,63;48,80;54,35;78,0;89;-1,51;NA;1551,82;2934,80;3916,04;5054,08;5054,08
3;2024-03-19;655;286150;691168,42;436,87;1055,22;379;196;80;0;80;57,86;29,92;12,21;0;12,21;0,21;0;NA;NA;6360;41,48;51,73;64,80;110,0;141;63,05;81,10;91,15;119,6;141;-1,47;0,00;2728,46;3842,30;4707,20;5498,42;5498,42
3;2024-03-20;572;65827;160799,58;115,08;281,12;472;92;8;0;8;82,52;16,08;1,40;0;1,40;0,02;0;NA;NA;1070;7,98;13,43;16,35;28,4;41;16,08;25,60;30,45;39,0;41;-1,78;0,00;100,00;733,58;2279,32;2921,39;2921,39
3;2024-03-21;570;413883;960352,60;726,11;1684,83;98;363;109;0;109;17,19;63,68;19,12;0;19,12;1,11;0;NA;NA;10963;45,33;65,70;71,75;91,2;124;85,72;94,83;99,40;112,8;124;-1,20;137,84;3193,55;4570,57;5298,90;5755,36;5755,36
3;2024-03-22;6;1869;5033,29;311,50;838,88;3;3;0;0;0;50,00;50,00;0,00;0;0,00;0,00;0;NA;NA;35;0,57;1,13;1,70;6,8;20;0,58;1,17;1,75;7,0;20;-0,18;NA;NA;NA;NA;NA;NA
3;2024-03-23;0;0;0,00;NA;NA;0;0;0;0;0;NA;NA;NA;NA;NA;NA;0;NA;NA;0;0,00;0,00;0,00;0,0;0;0,00;0,00;0,00;0,0;0;NA;NA;NA;NA;NA;NA;NA
3;2024-03-24;0;0;0,00;NA;NA;0;0;0;0;0;NA;NA;NA;NA;NA;NA;0;NA;NA;0;0,00;0,00;0,00;0,0;0;0,00;0,00;0,00;0,0;0;NA;NA;NA;NA;NA;NA;NA
4;2024-03-12;285;46048;114525,95;161,57;401,85;179;104;2;0;2;62,81;36,49;0,70;0;0,70;0,01;0;NA;NA;688;4,73;6,37;7,25;16,8;31;9,38;13,77;16,45;25,8;31;-1,80;NA;121,70;616,01;1347,59;1903,34;1903,34
4;2024-03-13;253;170782;475783,15;675,03;1880,57;10;207;36;0;36;3,95;81,82;14,23;0;14,23;3,60;0;NA;NA;3119;21,10;24,73;28,50;49,8;96;33,38;43,90;49,40;68,4;96;-1,08;NA;1662,61;2826,43;3539,08;4187,53;4187,53
4;2024-03-14;584;207840;597374,87;355,89;1022,90;138;422;24;0;24;23,63;72,26;4,11;0;4,11;0,17;0;NA;NA;7408;37,48;55,60;71,15;98,6;120;66,85;79,63;85,05;107,6;120;-1,61;109,53;1859,84;2520,47;3274,90;3734,85;3734,85
4;2024-03-15;75;5362;12210,58;71,49;162,81;66;8;1;0;1;88,00;10,67;1,33;0;1,33;0,02;0;NA;NA;52;0,87;1,73;2,15;5,2;11;0,87;1,73;2,60;7,2;11;-1,68;NA;NA;0,00;0,00;34,99;34,99
4;2024-03-16;184;1466;3868,09;7,97;21,02;179;5;0;0;0;97,28;2,72;0,00;0;0,00;0,00;0;NA;NA;16;0,13;0,13;0,20;0,8;3;0,27;0,53;0,80;2,4;3;-3,46;NA;0,00;0,00;0,00;0,00;0,00
4;2024-03-17;71;9711;28181,86;136,77;396,93;46;24;1;0;1;64,79;33,80;1,41;0;1,41;0,02;0;NA;NA;193;2,98;5,50;6,15;16,6;43;3,22;6,43;9,15;21,4;43;-1,47;NA;NA;0,00;93,69;612,39;612,39
4;2024-03-18;304;66710;180126,97;219,44;592,52;168;127;9;0;9;55,26;41,78;2,96;0;2,96;0,05;0;NA;NA;1447;12,23;21,10;21,05;35,2;56;21,08;30,87;36,30;49,4;56;-1,59;NA;251,81;967,49;2026,61;2790,93;2790,93
4;2024-03-19;0;0;0,00;NA;NA;0;0;0;0;0;NA;NA;NA;NA;NA;NA;0;NA;NA;0;0,00;0,00;0,00;0,0;0;0,00;0,00;0,00;0,0;0;NA;NA;NA;NA;NA;NA;NA
4;2024-03-20;391;267968;585968,93;685,34;1498,64;139;188;64;0;64;35,55;48,08;16,37;0;16,37;0,46;0;NA;NA;6036;51,02;57,77;62,00;80,6;113;66,08;80,73;86,70;101,2;113;-1,26;NA;1882,67;3599,62;4812,52;5904,84;5904,84
4;2024-03-21;596;236402;645596,55;396,65;1083,22;170;389;37;0;37;28,52;65,27;6,21;0;6,21;0,22;0;NA;NA;6967;30,05;40,57;46,55;62,4;132;59,80;74,17;82,15;107,4;132;-1,83;97,25;2038,47;2649,69;3618,99;4061,54;4061,54
4;2024-03-22;0;0;0,00;NA;NA;0;0;0;0;0;NA;NA;NA;NA;NA;NA;0;NA;NA;0;0,00;0,00;0,00;0,0;0;0,00;0,00;0,00;0,0;0;NA;NA;NA;NA;NA;NA;NA
4;2024-03-23;0;0;0,00;NA;NA;0;0;0;0;0;NA;NA;NA;NA;NA;NA;0;NA;NA;0;0,00;0,00;0,00;0,0;0;0,00;0,00;0,00;0,0;0;NA;NA;NA;NA;NA;NA;NA
4;2024-03-24;80;9329;20195,99;116,61;252,45;70;8;2;0;2;87,50;10,00;2,50;0;2,50;0,03;0;NA;NA;52;0,30;0,60;0,90;3,2;16;0,87;1,73;2,60;7,6;16;-1,17;NA;NA;0,00;0,00;11,00;11,00
6;2024-03-12;798;407790;798987,17;511,02;1001,24;337;383;78;0;78;42,23;47,99;9,77;0;9,77;0,23;0;NA;NA;13182;76,33;97,57;102,70;117,6;126;109,13;115,80;118,45;122,6;126;-1,61;147,77;2444,21;3794,14;4862,53;5579,27;5579,27
6;2024-03-13;693;150048;396771,01;216,52;572,54;399;283;11;0;11;57,58;40,84;1,59;0;1,59;0,03;0;NA;NA;3276;10,27;19,63;26,75;73,4;110;34,48;48,37;58,15;90,4;110;-1,75;0,00;1359,21;2105,31;2676,96;3117,65;3117,65
6;2024-03-14;708;393788;823425,68;556,20;1163,03;284;332;92;0;92;40,11;46,89;12,99;0;12,99;0,32;0;NA;NA;10716;39,63;63,50;81,05;118,2;123;94,45;106,20;111,80;120,6;123;-1,42;73,59;2760,80;4285,67;5352,30;5977,82;5977,82
6;2024-03-15;807;443452;994500,20;549,51;1232,34;228;487;92;0;92;28,25;60,35;11,40;0;11,40;0,40;0;NA;NA;12387;50,05;68,27;98,75;120,2;126;95,48;113,10;119,10;124,2;126;-1,37;356,03;3008,19;4258,80;4920,39;5394,23;5394,23
6;2024-03-16;173;59472;155788,25;343,77;900,51;59;108;6;0;6;34,10;62,43;3,47;0;3,47;0,10;0;NA;NA;1497;14,12;16,10;22,85;55,2;104;22,62;37,00;47,15;75,0;104;-1,50;NA;141,64;1079,28;1880,91;2395,96;2395,96
6;2024-03-17;673;260592;644157,99;387,21;957,14;267;353;53;0;53;39,67;52,45;7,88;0;7,88;0,20;0;NA;NA;4724;33,27;57,10;63,65;75,4;107;47,70;62,80;70,20;97,4;107;-1,69;73,78;1808,63;3181,23;4297,92;5218,38;5218,38
6;2024-03-18;192;112055;205976,62;583,62;1072,79;115;50;27;0;27;59,90;26,04;14,06;0;14,06;0,23;0;NA;NA;3045;26,98;50,73;71,05;119,8;125;49,88;86,23;105,95;120,8;125;-0,88;NA;0,00;905,78;3130,62;4213,36;4213,36
14;2024-04-05;926;273559;760452,78;295,42;821,22;491;387;48;0;48;53,02;41,79;5,18;0;5,18;0,10;0;NA;NA;9350;31,98;44,47;54,45;119,2;133;74,52;94,53;106,30;123,8;133;-1,72;87,19;2443,65;3242,95;3823,63;4415,92;4415,92
14;2024-04-06;665;221256;619437,13;332,72;931,48;384;212;69;0;69;57,74;31,88;10,38;0;10,38;0,18;0;NA;NA;5898;33,30;48,33;54,60;95,8;124;51,20;65,77;77,40;113,2;124;-1,48;0,00;2381,32;3577,78;4198,99;4840,68;4840,68
14;2024-04-07;646;152677;427784,93;236,34;662,21;374;255;17;0;17;57,89;39,47;2,63;0;2,63;0,05;0;NA;NA;3712;23,37;27,17;29,70;64,8;131;37,72;50,60;59,00;92,4;131;-1,67;0,00;1582,94;2320,30;3002,54;3567,69;3567,69
14;2024-04-08;3;29;46,77;9,67;15,59;3;0;0;0;0;100,00;0,00;0,00;0;0,00;0,00;0;NA;NA;0;0,00;0,00;0,00;0,0;0;0,00;0,00;0,00;0,0;0;NA;NA;NA;NA;NA;NA;NA
14;2024-04-09;283;74248;223927,18;262,36;791,26;189;70;24;0;24;66,78;24,73;8,48;0;8,48;0,13;0;NA;NA;1713;12,52;23,47;32,40;43,4;49;25,53;35,20;38,20;45,8;49;-1,19;NA;39,28;1411,23;2919,47;4228,02;4228,02
14;2024-04-10;622;127436;393580,22;204,88;632,77;425;168;29;0;29;68,33;27,01;4,66;0;4,66;0,07;0;NA;NA;2209;17,22;24,80;28,20;37,4;45;25,25;32,47;35,65;42,2;45;-1,61;0,00;1160,69;2311,83;3403,81;4192,36;4192,36
21;2024-03-20;699;237200;595387,99;339,34;851,77;310;356;33;0;33;44,35;50,93;4,72;0;4,72;0,11;0;NA;NA;5424;25,33;32,20;35,65;67,8;102;46,58;60,60;67,20;85,2;102;-1,85;36,00;1836,22;2744,32;3499,21;4334,66;4334,66
21;2024-03-21;760;310383;881696,16;408,40;1160,13;135;583;42;0;42;17,76;76,71;5,53;0;5,53;0,31;0;NA;NA;8622;32,78;49,20;55,20;95,2;119;67,75;86,87;96,90;114,8;119;-1,63;467,74;2354,87;3143,50;3823,10;4445,51;4445,51
21;2024-03-22;960;416216;1121840,03;433,56;1168,58;231;661;68;0;68;24,06;68,85;7,08;0;7,08;0,29;0;NA;NA;11401;37,08;61,90;71,20;115,8;125;73,52;89,33;97,70;115,8;125;-1,85;747,86;2626,69;3500,08;4300,86;5201,96;5201,96
21;2024-03-23;25;17031;42838,29;681,24;1713,53;2;20;3;0;3;8,00;80,00;12,00;0;12,00;1,50;0;NA;NA;409;6,82;13,63;19,30;31,2;49;6,82;13,63;19,80;42,6;49;-0,66;NA;NA;NA;NA;821,80;821,80
21;2024-03-24;655;425911;889928,59;650,25;1358,67;200;376;79;0;79;30,53;57,40;12,06;0;12,06;0,40;0;NA;NA;9374;54,80;70,37;71,00;114,0;124;72,18;85,63;93,55;117,6;124;-1,43;130,41;2594,08;3983,39;5487,10;6284,18;6284,18
22;2024-03-20;764;232216;698619,69;303,95;914,42;186;549;29;0;29;24,35;71,86;3,80;0;3,80;0,16;0;NA;NA;4409;12,10;16,77;17,55;40,8;55;28,50;34,57;38,10;49,6;55;-1,81;381,70;1730,74;2539,08;3394,18;4086,98;4086,98
22;2024-03-21;795;209781;668121,27;263,88;840,40;185;596;14;0;14;23,27;74,97;1,76;0;1,76;0,08;0;NA;NA;6640;28,35;47,43;49,75;83,8;120;53,72;70,33;78,40;100,6;120;-2,00;373,58;1615,28;2407,29;2928,19;3396,38;3396,38
22;2024-03-22;841;292764;834207,76;348,11;991,92;169;636;36;0;36;20,10;75,62;4,28;0;4,28;0,21;0;NA;NA;8175;34,32;44,83;49,95;78,0;112;64,38;77,00;83,05;102,2;112;-1,72;493,31;2131,90;2949,04;3689,08;4495,09;4495,09
22;2024-03-23;877;305430;933992,63;348,27;1064,99;199;645;33;0;33;22,69;73,55;3,76;0;3,76;0,17;0;NA;NA;7220;26,70;32,07;44,45;54,6;111;44,37;54,57;59,90;78,0;111;-1,90;698,63;2272,79;2918,40;3553,23;4084,26;4084,26
22;2024-03-24;780;164497;615092,81;210,89;788,58;210;562;8;0;8;26,92;72,05;1,03;0;1,03;0,04;0;NA;NA;3183;8,70;11,07;12,00;20,2;43;21,40;27,17;30,10;37,6;43;-1,82;331,58;1628,60;2135,41;2684,85;3075,88;3075,88
23;2024-03-20;609;204848;639101,12;336,37;1049,43;219;359;31;0;31;35,96;58,95;5,09;0;5,09;0,14;0;NA;NA;4100;16,83;30,10;37,60;84,0;114;37,45;50,17;59,25;97,4;114;-1,82;0,00;2064,60;2934,39;3456,73;4499,59;4499,59
23;2024-03-21;734;525013;1292150,90;715,28;1760,42;101;519;114;0;114;13,76;70,71;15,53;0;15,53;1,13;0;NA;NA;11349;40,75;53,93;63,05;124,0;148;80,47;101,70;112,20;130,6;148;-1,49;644,28;3364,99;4556,85;6264,71;7988,75;7988,75
23;2024-03-22;676;627941;1363383,33;928,91;2016,84;108;428;140;0;140;15,98;63,31;20,71;0;20,71;1,30;0;NA;NA;15006;51,08;71,67;82,55;104,0;135;93,28;106,37;112,20;131,0;135;-1,20;562,59;3815,78;5382,84;6618,05;7485,04;7485,04
23;2024-03-23;668;233616;635212,71;349,72;950,92;260;370;38;0;38;38,92;55,39;5,69;0;5,69;0,15;0;NA;NA;5083;21,63;31,60;39,25;60,6;104;48,27;60,57;66,80;89,6;104;-1,73;53,96;1819,29;2733,08;3759,59;4292,92;4292,92
23;2024-03-24;352;574125;991020,85;1631,04;2815,40;39;212;101;0;101;11,08;60,23;28,69;0;28,69;2,59;0;NA;NA;9701;76,43;106,63;115,55;125,2;130;103,50;122,93;124,85;128,0;130;-1,12;NA;2879,87;4299,80;4900,85;5737,33;5737,33
24;2024-03-20;395;70753;170031,50;179,12;430,46;305;77;13;0;13;77,22;19,49;3,29;0;3,29;0,04;0;NA;NA;1081;6,48;9,27;12,80;26,8;66;16,78;26,20;30,70;45,8;66;-1,59;NA;39,00;844,38;1994,04;3243,37;3243,37
24;2024-03-21;733;250213;649952,89;341,35;886,70;294;397;42;0;42;40,11;54,16;5,73;0;5,73;0,14;0;NA;NA;6608;34,00;46,80;45,05;76,0;101;58,75;71,07;77,35;93,8;101;-1,72;124,66;1764,02;2746,22;4253,96;5184,95;5184,95
24;2024-03-22;864;345978;877667,50;400,44;1015,82;280;517;67;0;67;32,41;59,84;7,75;0;7,75;0,24;0;NA;NA;9518;34,82;61,37;76,95;89,0;104;72,65;84,33;90,20;101,6;104;-1,66;321,53;2478,10;3648,93;4584,93;5503,48;5503,48
24;2024-03-23;658;274042;548803,15;416,48;834,05;267;364;27;0;27;40,58;55,32;4,10;0;4,10;0,10;0;NA;NA;10031;56,17;87,67;108,45;111,4;141;96,58;107,87;111,50;119,6;141;-1,68;59,47;1726,08;2658,16;3396,55;3790,20;3790,20
24;2024-03-24;448;200145;438282,19;446,75;978,31;192;220;36;0;36;42,86;49,11;8,04;0;8,04;0,19;0;NA;NA;5744;44,17;60,53;61,20;102,4;124;68,83;91,50;101,40;119,0;124;-1,65;NA;1121,82;2566,77;3675,18;4641,15;4641,15
24;2024-03-25;2;3145;6946,54;1572,50;3473,27;0;1;1;0;1;0,00;50,00;50,00;0;50,00;Inf;0;NA;NA;23;0,38;0,77;1,15;4,6;17;0,38;0,77;1,15;4,6;17;0,00;NA;NA;NA;NA;NA;NA
25;2024-03-20;679;395865;1088517,88;583,01;1603,12;240;336;103;0;103;35,35;49,48;15,17;0;15,17;0,43;0;NA;NA;8289;31,08;43,97;60,65;110,8;118;61,08;78,43;89,10;112,2;118;-1,41;109,80;3175,85;4627,69;6097,93;7608,48;7608,48
25;2024-03-21;855;550372;1485040,71;643,71;1736,89;166;546;143;0;143;19,42;63,86;16,73;0;16,73;0,86;0;NA;NA;12736;40,22;57,30;60,80;129,4;139;82,23;99,57;108,50;133,6;139;-1,52;766,29;3825,41;5154,84;6493,11;7597,25;7597,25
25;2024-03-22;871;699151;1675619,03;802,70;1923,79;168;519;184;0;184;19,29;59,59;21,13;0;21,13;1,10;0;NA;NA;15145;57,77;74,27;80,95;101,0;135;90,38;100,53;105,80;123,4;135;-1,44;858,88;4387,88;5959,87;6888,26;7608,34;7608,34
25;2024-03-23;978;791706;2178029,90;809,52;2227,02;145;597;236;0;236;14,83;61,04;24,13;0;24,13;1,63;0;NA;NA;14577;42,85;50,40;50,75;68,2;106;56,85;66,00;71,50;92,4;106;-1,35;2066,99;4379,74;5327,23;6101,77;6914,00;6914,00
25;2024-03-24;799;473781;1442956,36;592,97;1805,95;133;537;129;0;129;16,65;67,21;16,15;0;16,15;0,97;0;NA;NA;9496;31,68;49,03;56,50;109,0;118;55,23;73,97;86,35;113,2;118;-1,43;1009,06;3480,96;4223,09;4934,51;5598,17;5598,17
26;2024-03-20;607;185432;536861,28;305,49;884,45;304;266;37;0;37;50,08;43,82;6,10;0;6,10;0,12;0;NA;NA;3798;26,23;43,20;57,90;72,8;90;41,70;54,83;62,80;78,0;90;-1,62;0,00;1830,78;2876,64;3741,60;5163,07;5163,07
26;2024-03-21;835;322458;846586,89;386,18;1013,88;238;548;49;0;49;28,50;65,63;5,87;0;5,87;0,21;0;NA;NA;6673;20,48;29,23;31,70;73,0;106;48,77;63,23;71,50;98,0;106;-1,32;377,21;2496,92;3182,11;3716,93;4379,75;4379,75
26;2024-03-22;858;330184;822633,15;384,83;958,78;313;471;74;0;74;36,48;54,90;8,62;0;8,62;0,24;0;NA;NA;8172;37,90;59,23;64,05;84,6;112;73,75;87,47;94,60;109,4;112;-1,42;250,35;2538,01;3842,27;4800,74;5453,70;5453,70
26;2024-03-23;569;194266;371539,28;341,42;652,97;334;215;20;0;20;58,70;37,79;3,51;0;3,51;0,06;0;NA;NA;2772;17,00;20,63;20,80;40,6;62;26,12;33,43;38,60;53,2;62;-1,50;0,00;1282,90;2280,13;3136,04;3691,61;3691,61
26;2024-03-24;585;234497;523271,57;400,85;894,48;261;299;25;0;25;44,62;51,11;4,27;0;4,27;0,10;0;NA;NA;3749;18,28;19,10;21,55;42,8;66;30,82;38,53;43,15;58,4;66;-1,41;0,00;1877,26;2617,77;3233,51;3985,36;3985,36
27;2024-03-20;707;228934;618422,15;323,81;874,71;316;339;52;0;52;44,70;47,95;7,36;0;7,36;0,16;0;NA;NA;4262;20,28;26,10;30,00;68,2;102;36,55;49,40;57,20;89,4;102;-1,64;48,00;1895,25;3038,16;4068,55;4835,57;4835,57
27;2024-03-21;763;326954;859436,79;428,51;1126,39;180;518;65;0;65;23,59;67,89;8,52;0;8,52;0,36;0;NA;NA;9667;39,20;58,23;67,35;102,8;132;75,53;90,90;97,90;114,8;132;-1,65;313,16;2389,74;3569,35;4220,12;5300,63;5300,63
27;2024-03-22;864;502697;1220499,87;581,83;1412,62;189;557;118;0;118;21,88;64,47;13,66;0;13,66;0,62;0;NA;NA;12641;60,73;72,87;74,75;107,4;121;84,22;96,83;104,00;116,8;121;-1,37;501,10;3402,64;4646,46;5289,02;6164,12;6164,12
27;2024-03-23;855;545012;1402592,72;637,44;1640,46;196;534;125;0;125;22,92;62,46;14,62;0;14,62;0,64;0;NA;NA;9767;28,10;43,20;60,85;123,4;124;64,08;87,60;105,10;123,8;124;-1,32;759,99;3459,42;4538,66;5551,22;6442,85;6442,85
27;2024-03-24;63;57970;155972,68;920,16;2475,76;3;46;14;0;14;4,76;73,02;22,22;0;22,22;4,67;0;NA;NA;902;15,00;16,23;17,20;22,8;46;15,03;22,80;26,65;38,4;46;-0,40;NA;NA;190,06;2669,11;3399,09;3399,09
28;2024-03-20;773;593540;1279213,44;767,84;1654,87;234;420;119;0;119;30,27;54,33;15,39;0;15,39;0,51;0;NA;NA;13883;58,07;60,43;74,75;100,0;172;88,15;99,40;105,25;134,0;172;-1,23;427,13;3405,18;5136,06;6209,82;6928,94;6928,94
28;2024-03-21;804;384709;941098,83;478,49;1170,52;277;462;65;0;65;34,45;57,46;8,08;0;8,08;0,23;0;NA;NA;11249;68,48;89,90;92,85;115,4;129;87,75;101,60;107,90;125,2;129;-1,63;307,09;2457,63;3578,23;4336,78;5763,75;5763,75
28;2024-03-22;913;454768;990163,20;498,10;1084,52;325;513;75;0;75;35,60;56,19;8,21;0;8,21;0,23;0;NA;NA;13220;41,70;73,60;88,95;108,2;135;95,63;109,13;115,85;129,4;135;-1,59;376,38;2642,46;3910,51;5341,59;6156,50;6156,50
28;2024-03-23;459;276199;674887,76;601,74;1470,34;145;257;57;0;57;31,59;55,99;12,42;0;12,42;0,39;0;NA;NA;5249;34,18;40,27;44,65;72,6;105;43,58;54,93;61,00;86,0;105;-1,52;NA;2413,74;3353,62;3984,20;4794,76;4794,76
28;2024-03-24;667;659796;1354105,80;989,20;2030,14;222;281;164;0;164;33,28;42,13;24,59;0;24,59;0,74;0;NA;NA;12993;66,62;76,80;87,65;114,0;136;85,88;100,73;107,30;127,8;136;-1,11;70,00;4012,03;5618,85;6641,82;7897,22;7897,22
29;2024-03-20;538;200815;507603,59;373,26;943,50;200;312;26;0;26;37,17;57,99;4,83;0;4,83;0,13;0;NA;NA;4235;24,93;33,60;41,00;83,0;123;41,88;59,37;71,45;108,0;123;-1,80;0,00;1641,96;2407,30;3287,84;4097,24;4097,24
29;2024-03-21;828;393663;886314,87;475,44;1070,43;292;458;78;0;78;35,27;55,31;9,42;0;9,42;0,27;0;NA;NA;10134;52,00;60,40;79,85;102,0;126;82,05;94,40;100,60;117,2;126;-1,52;251,44;2556,21;4103,53;5214,28;5849,86;5849,86
29;2024-03-22;513;228415;509678,29;445,25;993,52;177;303;33;0;33;34,50;59,06;6,43;0;6,43;0,19;0;NA;NA;6245;46,17;84,03;95,90;109,8;127;73,30;97,23;103,90;118,2;127;-1,53;0,00;1265,99;2235,76;3777,08;6116,04;6116,04
29;2024-03-23;133;64513;166666,87;485,06;1253,13;33;89;11;0;11;24,81;66,92;8,27;0;8,27;0,33;0;NA;NA;1379;18,10;25,60;25,95;45,6;56;21,35;31,03;35,85;52,8;56;-1,31;NA;2,00;1073,79;2242,94;2900,07;2900,07
29;2024-03-24;702;145743;400224,55;207,61;570,12;417;254;31;0;31;59,40;36,18;4,42;0;4,42;0,07;0;NA;NA;3127;21,45;35,07;38,70;60,0;82;35,08;49,03;56,75;71,0;82;-1,69;0,00;1050,63;1959,14;3466,08;4685,33;4685,33
30;2024-03-20;572;341742;685675,53;597,45;1198,73;249;253;70;0;70;43,53;44,23;12,24;0;12,24;0,28;0;NA;NA;8291;60,62;71,20;76,20;119,8;130;87,82;104,20;112,50;124,0;130;-1,41;0,00;1923,73;4092,59;5821,03;6796,42;6796,42
30;2024-03-21;109;116288;211587,83;1066,86;1941,17;45;33;31;0;31;41,28;30,28;28,44;0;28,44;0,69;0;NA;NA;2411;36,63;52,53;53,90;72,2;111;39,72;61,33;68,40;86,8;111;-0,74;NA;NA;884,55;3532,74;4989,29;4989,29
30;2024-03-22;812;550853;1013014,18;678,39;1247,55;431;269;112;0;112;53,08;33,13;13,79;0;13,79;0,26;0;NA;NA;12197;65,48;69,43;70,60;106,4;142;89,58;100,63;105,95;119,8;142;-1,20;40,48;3262,49;5338,09;6740,22;7345,60;7345,60
30;2024-03-23;657;148527;383783,70;226,07;584,15;377;257;23;0;23;57,38;39,12;3,50;0;3,50;0,06;0;NA;NA;3596;18,03;28,57;33,40;51,6;120;38,37;51,30;59,05;88,0;120;-1,70;0,00;1117,46;2119,33;3017,17;4255,39;4255,39
30;2024-03-24;0;0;0,00;NA;NA;0;0;0;0;0;NA;NA;NA;NA;NA;NA;0;NA;NA;0;0,00;0,00;0,00;0,0;0;0,00;0,00;0,00;0,0;0;NA;NA;NA;NA;NA;NA;NA
31;2024-03-20;647;414924;899932,30;641,30;1390,93;270;286;91;0;91;41,73;44,20;14,06;0;14,06;0,34;0;NA;NA;9732;50,20;72,70;72,70;125,8;167;77,70;94,90;104,55;139,0;167;-1,45;24,00;2956,26;3987,43;5230,87;6047,54;6047,54
31;2024-03-21;727;336620;778755,74;463,03;1071,19;361;299;67;0;67;49,66;41,13;9,22;0;9,22;0,19;0;NA;NA;8706;37,47;61,33;73,40;164,6;170;79,18;102,87;117,40;164,6;170;-1,24;24,00;2318,18;3793,79;5055,44;6146,56;6146,56
31;2024-03-22;789;315408;852585,72;399,76;1080,59;293;431;65;0;65;37,14;54,63;8,24;0;8,24;0,22;0;NA;NA;8597;31,92;40,77;58,95;85,0;118;64,42;74,97;81,05;102,2;118;-1,74;215,65;2345,30;3589,11;5282,39;6083,61;6083,61
31;2024-03-23;373;267422;631882,84;716,95;1694,06;91;225;57;0;57;24,40;60,32;15,28;0;15,28;0,63;0;NA;NA;6778;35,40;41,37;42,90;80,2;131;62,13;77,70;86,10;113,8;131;-1,37;NA;2274,18;3326,36;4296,58;5181,36;5181,36
31;2024-03-24;0;0;0,00;NA;NA;0;0;0;0;0;NA;NA;NA;NA;NA;NA;0;NA;NA;0;0,00;0,00;0,00;0,0;0;0,00;0,00;0,00;0,0;0;NA;NA;NA;NA;NA;NA;NA
32;2024-03-20;802;313085;905608,49;390,38;1129,19;181;595;26;0;26;22,57;74,19;3,24;0;3,24;0,14;0;NA;NA;9291;31,25;45,43;57,35;121,8;137;79,48;103,83;111,65;128,8;137;-1,75;610,47;2323,74;2767,26;3392,29;4102,89;4102,89
32;2024-03-21;791;452495;1209759,41;572,05;1529,41;79;628;84;0;84;9,99;79,39;10,62;0;10,62;1,06;0;NA;NA;12841;48,27;73,80;95,60;137,8;157;98,72;114,03;123,60;145,4;157;-1,51;778,86;2872,06;3994,31;4800,24;5826,23;5826,23
32;2024-03-22;893;587446;1449863,19;657,83;1623,59;124;646;123;0;123;13,89;72,34;13,77;0;13,77;0,99;0;NA;NA;14541;43,27;61,30;72,60;130,0;145;93,82;106,00;112,65;130,0;145;-1,38;915,24;3503,57;4959,58;6230,10;7486,94;7486,94
32;2024-03-23;291;108224;305309,13;371,90;1049,17;152;120;19;0;19;52,23;41,24;6,53;0;6,53;0,12;0;NA;NA;1551;14,92;19,80;23,25;54,2;81;18,87;24,97;29,45;57,8;81;-1,34;NA;730,32;2470,16;3106,43;3655,17;3655,17
32;2024-03-24;686;496663;1319253,68;724,00;1923,11;39;540;107;0;107;5,69;78,72;15,60;0;15,60;2,74;0;NA;NA;10269;42,63;56,33;62,45;85,8;124;72,05;85,37;91,55;113,6;124;-1,39;782,89;3263,04;4562,42;6038,90;6866,10;6866,10
37;2024-03-27;657;310341;740863,10;472,36;1127,65;250;358;49;0;49;38,05;54,49;7,46;0;7,46;0,20;0;NA;NA;6588;32,57;56,70;76,50;120,0;132;60,03;80,50;94,30;125,0;132;-1,67;56,28;2112,66;2859,19;4720,56;6352,86;6352,86
37;2024-03-28;749;292375;776625,90;390,35;1036,88;223;484;42;0;42;29,77;64,62;5,61;0;5,61;0,19;0;NA;NA;9042;50,45;67,57;77,80;107,8;129;76,32;94,03;101,80;120,0;129;-1,84;268,68;2012,67;2934,42;3936,27;4940,54;4940,54
37;2024-03-29;945;359987;937703,07;380,94;992,28;377;506;62;0;62;39,89;53,54;6,56;0;6,56;0,16;0;NA;NA;10135;38,95;55,87;70,05;97,2;111;72,82;83,43;88,40;103,4;111;-1,75;361,00;2362,69;3525,35;5109,21;5871,45;5871,45
37;2024-03-30;933;624304;1442514,18;669,14;1546,10;232;570;131;0;131;24,87;61,09;14,04;0;14,04;0,56;0;NA;NA;14310;56,38;68,43;84,70;94,8;143;84,40;96,77;102,35;122,6;143;-1,30;887,45;3594,75;4949,31;5946,42;6573,01;6573,01
37;2024-03-31;715;260486;739631,03;364,32;1034,45;188;494;33;0;33;26,29;69,09;4,62;0;4,62;0,18;0;NA;NA;6234;34,85;58,53;68,40;93,8;106;48,27;64,30;75,25;100,0;106;-1,60;309,52;2057,85;2717,11;3618,86;4249,81;4249,81
37;2024-04-01;576;331491;681207,60;575,51;1182,65;268;246;62;0;62;46,53;42,71;10,76;0;10,76;0,23;0;NA;NA;9300;68,18;80,47;104,70;113,8;128;95,67;110,73;115,20;122,4;128;-1,42;0,00;2198,01;3499,66;4690,32;5734,98;5734,98
38;2024-03-27;671;352170;970488,53;524,84;1446,33;154;430;87;0;87;22,95;64,08;12,97;0;12,97;0,56;0;NA;NA;6809;32,00;37,60;40,60;86,2;99;46,08;55,77;61,35;86,2;99;-1,38;270,35;2799,21;4041,96;5418,23;6271,79;6271,79
38;2024-03-28;749;301216;803514,95;402,16;1072,78;279;415;55;0;55;37,25;55,41;7,34;0;7,34;0,20;0;NA;NA;9895;51,40;72,77;77,55;109,0;123;87,80;100,33;105,15;116,0;123;-1,54;161,45;2313,51;3262,02;4787,55;5387,77;5387,77
38;2024-03-29;674;246932;663311,61;366,37;984,14;301;321;52;0;52;44,66;47,63;7,72;0;7,72;0,17;0;NA;NA;7356;42,70;59,47;71,70;86,0;100;68,78;82,10;87,30;95,8;100;-1,55;15,23;2052,60;3138,64;4503,83;5667,40;5667,40
38;2024-03-30;826;267579;814819,43;323,95;986,46;307;477;42;0;42;37,17;57,75;5,08;0;5,08;0,14;0;NA;NA;6787;35,55;56,90;59,20;74,0;101;57,22;70,90;77,50;92,8;101;-1,72;269,75;2255,47;3046,42;4045,11;5174,24;5174,24
38;2024-03-31;904;241713;753415,28;267,38;833,42;408;468;28;0;28;45,13;51,77;3,10;0;3,10;0,07;0;NA;NA;6904;28,77;36,67;35,35;53,6;90;48,25;56,10;60,40;76,6;90;-1,79;218,65;2337,83;2912,03;3347,03;3682,86;3682,86
38;2024-04-01;517;101080;356413,24;195,51;689,39;203;309;5;0;5;39,26;59,77;0,97;0;0,97;0,02;0;NA;NA;2001;7,30;9,73;12,25;24,6;46;17,77;23,13;26,35;36,0;46;-1,86;0,00;1101,02;1642,55;2149,10;2690,48;2690,48
39;2024-03-27;728;354687;901990,25;487,21;1239,00;194;466;68;0;68;26,65;64,01;9,34;0;9,34;0,35;0;NA;NA;7808;32,37;49,93;68,00;130,4;143;68,17;97,10;117,35;136,2;143;-1,65;356,47;2424,07;3668,30;4573,79;5653,92;5653,92
39;2024-03-28;796;452257;1153141,07;568,16;1448,67;127;582;87;0;87;15,95;73,12;10,93;0;10,93;0,69;0;NA;NA;10766;40,02;50,40;71,25;115,6;130;82,93;102,73;109,35;125,2;130;-1,53;657,40;2822,67;3888,77;4509,49;5214,83;5214,83
39;2024-03-29;812;348187;852861,29;428,80;1050,32;240;510;62;0;62;29,56;62,81;7,64;0;7,64;0,26;0;NA;NA;8083;31,63;59,47;78,15;130,8;133;72,35;95,30;105,30;130,8;133;-1,60;348,49;2209,25;3488,14;4507,09;5211,21;5211,21
39;2024-03-30;942;714420;1692289,01;758,41;1796,49;122;650;170;0;170;12,95;69,00;18,05;0;18,05;1,39;0;NA;NA;16074;48,70;66,90;80,35;94,4;117;76,87;87,73;93,20;107,6;117;-1,15;1290,81;3944,88;4892,74;5579,12;6196,15;6196,15
39;2024-03-31;830;303525;840356,57;365,69;1012,48;201;587;42;0;42;24,22;70,72;5,06;0;5,06;0,21;0;NA;NA;7522;27,43;32,50;43,55;97,4;140;57,77;73,47;82,80;119,8;140;-1,57;458,30;2187,12;2923,07;3634,27;4527,78;4527,78
39;2024-04-01;606;326651;855083,54;539,03;1411,03;101;461;44;0;44;16,67;76,07;7,26;0;7,26;0,44;0;NA;NA;7028;25,57;32,93;41,05;78,2;130;51,90;68,37;78,20;119,0;130;-1,50;291,40;2394,34;3016,36;4123,19;5035,77;5035,77
40;2024-03-27;715;372057;811680,20;520,36;1135,22;279;368;68;0;68;39,02;51,47;9,51;0;9,51;0,24;0;NA;NA;7365;44,65;46,50;49,30;62,2;113;58,85;70,83;77,10;103,6;113;-1,36;96,24;2369,39;3775,89;5249,35;6313,77;6313,77
40;2024-03-28;805;287507;696383,31;357,15;865,07;305;461;39;0;39;37,89;57,27;4,84;0;4,84;0,13;0;NA;NA;7476;33,88;41,40;43,25;99,2;123;67,27;87,67;99,10;113,2;123;-1,85;224,32;2004,07;2650,60;3764,12;4251,02;4251,02
40;2024-03-29;549;163666;366371,56;298,12;667,34;281;248;20;0;20;51,18;45,17;3,64;0;3,64;0,07;0;NA;NA;3209;22,38;25,07;32,05;102,8;137;37,10;56,83;72,30;123,8;137;-1,76;0,00;1049,66;2032,86;2777,98;3844,29;3844,29
40;2024-03-30;304;74455;216221,12;244,92;711,25;118;183;3;0;3;38,82;60,20;0,99;0;0,99;0,03;0;NA;NA;1688;8,72;12,27;12,85;26,0;52;20,72;27,57;31,25;44,0;52;-1,38;NA;622,27;1392,59;2023,55;2758,98;2758,98
40;2024-03-31;606;181715;489360,67;299,86;807,53;248;344;14;0;14;40,92;56,77;2,31;0;2,31;0,06;0;NA;NA;3326;13,35;18,47;19,55;30,6;50;25,15;30,47;33,70;43,0;50;-1,89;14,06;1637,04;2191,54;2816,50;3404,67;3404,67
40;2024-04-01;68;30581;83732,90;449,72;1231,37;13;51;4;0;4;19,12;75,00;5,88;0;5,88;0,31;0;NA;NA;558;8,68;10,63;12,45;18,8;36;9,30;15,80;19,55;30,6;36;-1,13;NA;NA;58,95;1191,44;1716,26;1716,26
41;2024-03-27;774;337186;838746,88;435,64;1083,65;277;434;63;0;63;35,79;56,07;8,14;0;8,14;0,23;0;NA;NA;8380;34,52;43,23;55,15;100,6;125;66,03;84,27;95,05;112,8;125;-1,66;209,95;2457,06;3433,86;4412,29;5395,47;5395,47
41;2024-03-28;803;238937;630941,10;297,56;785,73;321;456;26;0;26;39,98;56,79;3,24;0;3,24;0,08;0;NA;NA;6833;34,93;46,27;57,45;98,4;113;60,45;83,83;95,40;108,6;113;-1,66;181,48;1822,11;2572,30;3322,70;3683,71;3683,71
41;2024-03-29;795;252814;623618,05;318,01;784,43;348;416;31;0;31;43,77;52,33;3,90;0;3,90;0,09;0;NA;NA;6236;23,17;35,20;42,70;58,2;93;52,13;63,90;69,45;82,0;93;-1,59;136,87;1849,41;2764,38;3492,03;4163,00;4163,00
41;2024-03-30;727;178245;512107,50;245,18;704,41;287;422;18;0;18;39,48;58,05;2,48;0;2,48;0,06;0;NA;NA;4768;26,10;31,17;33,40;72,4;110;41,87;55,40;62,60;83,4;110;-1,91;124,98;1494,66;2186,10;2747,52;3648,25;3648,25
41;2024-03-31;810;204512;666497,31;252,48;822,84;286;482;42;0;42;35,31;59,51;5,19;0;5,19;0,15;0;NA;NA;4550;14,63;18,73;20,15;40,8;69;27,33;32,77;36,40;51,8;69;-1,30;225,50;1908,52;2856,07;3892,60;4211,59;4211,59
41;2024-04-01;674;162059;441761,21;240,44;655,43;323;334;17;0;17;47,92;49,55;2,52;0;2,52;0,05;0;NA;NA;3330;11,30;15,63;18,90;37,0;82;29,48;37,73;42,35;60,0;82;-1,55;33,06;1303,75;2125,81;2976,44;3517,08;3517,08
42;2024-03-27;670;281357;592827,19;419,94;884,82;328;309;33;0;33;48,96;46,12;4,93;0;4,93;0,10;0;NA;NA;9051;37,78;40,70;52,60;112,2;117;87,93;106,37;110,05;114,8;117;-1,72;12,00;1964,81;2745,61;3499,31;4238,07;4238,07
42;2024-03-28;811;353801;911751,76;436,25;1124,23;305;442;64;0;64;37,61;54,50;7,89;0;7,89;0,21;0;NA;NA;9756;42,18;49,77;54,60;104,0;139;79,62;97,97;105,95;124,0;139;-1,58;245,04;2661,49;3508,58;4262,96;5259,14;5259,14
42;2024-03-29;638;247687;674916,70;388,22;1057,86;249;344;45;0;45;39,03;53,92;7,05;0;7,05;0,18;0;NA;NA;7297;36,47;47,50;49,80;83,0;107;63,27;76,43;82,75;97,2;107;-1,73;45,00;2290,27;3078,12;3877,78;4635,15;4635,15
42;2024-03-30;674;216785;492821,46;321,64;731,19;368;273;33;0;33;54,60;40,50;4,90;0;4,90;0,09;0;NA;NA;6938;53,33;87,83;99,05;106,6;116;76,72;100,07;105,10;112,0;116;-1,71;2,00;1547,02;2948,33;3464,13;3890,68;3890,68
42;2024-03-31;481;105513;322271,09;219,36;670,00;247;228;6;0;6;51,35;47,40;1,25;0;1,25;0,02;0;NA;NA;2841;14,32;17,87;19,25;28,0;62;28,47;35,53;39,35;49,4;62;-1,63;0,00;1198,66;1841,37;2460,62;2985,43;2985,43
42;2024-04-01;56;8794;31414,24;157,04;560,97;27;29;0;0;0;48,21;51,79;0,00;0;0,00;0,00;0;NA;NA;148;2,47;3,67;4,65;8,8;19;2,47;4,93;6,75;13,4;19;-1,40;NA;NA;NA;149,19;875,17;875,17
43;2024-03-27;785;179653;610233,01;228,86;777,37;334;447;4;0;4;42,55;56,94;0,51;0;0,51;0,01;0;NA;NA;4027;11,13;16,50;19,85;38,4;62;27,00;33,87;37,90;53,2;62;-1,83;117,89;1825,29;2329,14;2771,12;2998,92;2998,92
43;2024-03-28;578;171360;479384,64;296,47;829,39;254;312;12;0;12;43,94;53,98;2,08;0;2,08;0,05;0;NA;NA;6715;34,83;52,97;65,50;129,4;135;73,70;100,63;112,50;130,6;135;-1,62;0,00;1677,86;2364,71;2818,72;3283,86;3283,86
43;2024-03-29;886;238182;806615,13;268,83;910,40;281;576;29;0;29;31,72;65,01;3,27;0;3,27;0,10;0;NA;NA;8257;39,05;44,47;47,95;76,4;114;62,80;74,67;81,05;98,8;114;-1,87;394,94;2089,59;2922,84;3398,78;3856,55;3856,55
43;2024-03-30;500;119396;388174,40;238,79;776,35;166;325;9;0;9;33,20;65,00;1,80;0;1,80;0,05;0;NA;NA;2512;9,28;14,57;16,35;35,2;65;22,97;29,43;33,20;48,6;65;-1,72;0,00;1256,35;1928,03;2508,64;3081,94;3081,94
43;2024-03-31;703;211226;721570,00;300,46;1026,42;273;393;37;0;37;38,83;55,90;5,26;0;5,26;0,14;0;NA;NA;4339;14,27;19,03;23,75;42,4;61;32,25;40,30;45,50;58,4;61;-1,83;31,46;2182,13;2930,14;3558,08;4084,19;4084,19
43;2024-04-01;547;177333;640436,96;324,19;1170,82;80;448;19;0;19;14,63;81,90;3,47;0;3,47;0,24;0;NA;NA;4462;16,43;22,13;23,25;37,2;76;32,53;38,83;42,55;56,0;76;-1,57;142,44;1920,11;2612,16;2964,01;3602,04;3602,04
44;2024-03-27;745;194184;543050,17;260,65;728,93;459;235;51;0;51;61,61;31,54;6,85;0;6,85;0,11;0;NA;NA;4600;26,67;34,00;38,95;50,6;71;40,60;47,33;51,25;62,4;71;-1,64;0,00;1727,14;3186,80;4078,72;4902,38;4902,38
44;2024-03-28;797;427024;1071672,78;535,79;1344,63;221;486;90;0;90;27,73;60,98;11,29;0;11,29;0,41;0;NA;NA;12103;54,27;69,83;75,15;112,4;130;88,65;105,83;113,15;127,0;130;-1,48;412,50;3147,04;4126,62;5115,33;5690,44;5690,44
44;2024-03-29;861;415836;954701,57;482,97;1108,83;345;430;86;0;86;40,07;49,94;9,99;0;9,99;0,25;0;NA;NA;11959;51,45;59,37;71,00;89,4;159;83,02;94,53;101,00;126,0;159;-1,65;247,59;2750,85;4079,64;4871,77;5626,09;5626,09
44;2024-03-30;867;342142;735234,00;394,63;848,02;373;462;32;0;32;43,02;53,29;3,69;0;3,69;0,09;0;NA;NA;12963;41,70;53,23;66,40;131,6;133;101,08;119,17;126,70;132,2;133;-1,86;209,17;2131,64;2937,59;3477,93;3918,81;3918,81
44;2024-03-31;670;556782;980815,54;831,02;1463,90;239;328;103;0;103;35,67;48,96;15,37;0;15,37;0,43;0;NA;NA;15131;82,57;98,43;110,20;124,0;127;111,02;122,47;124,05;126,4;127;-1,38;84,03;3183,37;3926,27;5151,29;5987,47;5987,47
44;2024-04-01;736;149342;421841,54;202,91;573,15;415;309;12;0;12;56,39;41,98;1,63;0;1,63;0,03;0;NA;NA;3855;23,72;32,40;46,80;83,4;124;41,87;60,80;72,70;107,0;124;-1,96;11,70;1277,67;2122,60;2911,93;3355,35;3355,35
45;2024-03-27;527;54828;182501,21;104,04;346,30;307;215;5;0;5;58,25;40,80;0,95;0;0,95;0,02;0;NA;NA;810;3,80;5,73;8,00;19,4;39;9,62;14,60;17,95;28,4;39;-2,06;0,00;456,56;895,69;1518,49;2184,18;2184,18
45;2024-03-28;805;274465;742488,70;340,95;922,35;322;440;43;0;43;40,00;54,66;5,34;0;5,34;0,13;0;NA;NA;8594;49,73;63,07;65,75;106,4;121;74,95;92,80;100,20;116,6;121;-1,70;188,18;2173,71;3118,21;3892,39;4458,75;4458,75
45;2024-03-29;549;334926;858984,47;610,07;1564,63;90;374;85;0;85;16,39;68,12;15,48;0;15,48;0,94;0;NA;NA;9068;46,95;55,90;68,50;84,2;100;74,80;82,90;85,80;93,4;100;-1,48;117,00;2599,99;3991,20;5095,47;5555,03;5555,03
45;2024-03-30;642;93810;290867,72;146,12;453,06;353;279;10;0;10;54,98;43,46;1,56;0;1,56;0,03;0;NA;NA;2151;11,38;17,63;21,25;42,2;60;24,35;33,47;39,15;54,2;60;-1,82;0,00;691,23;1492,71;2514,79;3254,57;3254,57
45;2024-03-31;747;128005;409530,05;171,36;548,23;364;379;4;0;4;48,73;50,74;0,54;0;0,54;0,01;0;NA;NA;3028;9,03;10,87;13,00;27,4;54;24,90;30,97;34,70;45,0;54;-2,12;54,76;1298,57;1863,20;2363,27;2787,98;2787,98
45;2024-04-01;1;993;1991,86;993,00;1991,86;0;1;0;0;0;0,00;100,00;0,00;0;0,00;NA;0;NA;NA;5;0,08;0,17;0,25;1,0;5;0,08;0,17;0,25;1,0;5;NA;NA;NA;NA;NA;NA;NA
46;2024-03-27;751;236052;679812,04;314,32;905,21;168;550;33;0;33;22,37;73,24;4,39;0;4,39;0,20;0;NA;NA;7687;31,37;33,40;45,85;113,0;129;78,12;106,50;117,15;125,4;129;-1,55;321,91;1693,98;2526,08;3496,55;4113,06;4113,06
46;2024-03-28;765;247925;695569,01;324,08;909,24;249;483;33;0;33;32,55;63,14;4,31;0;4,31;0,13;0;NA;NA;8758;45,50;66,77;94,40;124,6;143;87,27;112,63;118,70;130,0;143;-1,70;251,47;2005,03;2784,57;3452,33;3834,61;3834,61
46;2024-03-29;810;300102;788106,08;370,50;972,97;317;452;41;0;41;39,14;55,80;5,06;0;5,06;0,13;0;NA;NA;7835;38,15;65,97;91,40;122,2;128;66,10;89,20;101,30;125,2;128;-1,56;200,02;2348,75;3136,10;3893,63;4360,81;4360,81
46;2024-03-30;726;168797;453825,04;232,50;625,10;370;344;12;0;12;50,96;47,38;1,65;0;1,65;0,03;0;NA;NA;4313;17,45;24,37;27,95;68,4;111;40,67;55,03;63,60;97,4;111;-1,77;22,00;1516,72;2244,89;2801,54;3299,06;3299,06
46;2024-03-31;710;199903;604885,27;281,55;851,95;303;379;28;0;28;42,68;53,38;3,94;0;3,94;0,09;0;NA;NA;4240;24,10;30,07;38,80;48,8;78;35,33;44,57;49,45;63,0;78;-1,72;34,47;1920,28;2652,17;3389,55;4170,14;4170,14
46;2024-04-01;688;141022;491926,23;204,97;715,01;255;426;7;0;7;37,06;61,92;1,02;0;1,02;0,03;0;NA;NA;4322;17,25;19,00;24,95;49,4;75;39,17;48,90;53,95;69,8;75;-1,94;95,74;1453,92;2059,53;2472,55;2831,43;2831,43
47;2024-03-27;783;367910;850915,89;469,87;1086,74;393;310;80;0;80;50,19;39,59;10,22;0;10,22;0,20;0;NA;NA;7935;43,82;47,33;53,15;74,8;130;60,10;72,83;80,85;113,4;130;-1,57;18,00;2787,11;3843,97;5150,62;6530,73;6530,73
47;2024-03-28;720;277923;693340,03;386,00;962,97;329;340;51;0;51;45,69;47,22;7,08;0;7,08;0,16;0;NA;NA;8750;44,65;52,00;62,10;105,8;122;77,37;92,80;98,65;112,0;122;-1,68;42,53;2239,00;3259,25;3805,68;4422,16;4422,16
47;2024-03-29;949;283902;735095,87;299,16;774,60;471;433;45;0;45;49,63;45,63;4,74;0;4,74;0,10;0;NA;NA;7922;33,57;41,27;43,80;62,0;96;58,67;68,63;73,15;87,2;96;-1,86;178,87;2158,08;3125,55;3896,03;4449,12;4449,12
47;2024-03-30;721;444313;1109359,20;616,25;1538,64;128;497;96;0;96;17,75;68,93;13,31;0;13,31;0,75;0;NA;NA;13109;75,80;102,27;106,75;117,4;127;94,53;113,97;117,30;123,2;127;-1,31;585,30;3105,02;3843,49;4266,98;4777,17;4777,17
47;2024-03-31;846;392347;1038914,40;463,77;1228,03;287;489;70;0;70;33,92;57,80;8,27;0;8,27;0,24;0;NA;NA;8037;27,15;35,50;40,65;48,4;71;43,48;49,30;51,90;63,0;71;-1,63;448,56;2729,95;3700,24;4371,85;5101,07;5101,07
47;2024-04-01;649;471911;1156787,88;727,14;1782,42;156;369;124;0;124;24,04;56,86;19,11;0;19,11;0,79;0;NA;NA;12717;41,45;54,10;74,30;122,4;131;83,92;104,77;114,10;127,2;131;-1,21;216,77;3476,10;4010,93;4479,75;5074,33;5074,33
48;2024-03-27;345;79215;220937,01;229,61;640,40;208;127;10;0;10;60,29;36,81;2,90;0;2,90;0,05;0;NA;NA;1911;9,38;14,40;18,30;53,6;106;26,02;38,23;45,10;80,6;106;-1,61;NA;269,37;1640,40;2364,06;2780,63;2780,63
48;2024-03-28;708;572589;1299528,25;808,74;1835,49;139;431;138;0;138;19,63;60,88;19,49;0;19,49;0,99;0;NA;NA;15533;65,67;73,73;79,55;111,4;127;91,72;101,80;107,45;122,4;127;-1,20;369,13;3873,43;5686,11;6699,45;7286,56;7286,56
48;2024-03-29;797;229659;693235,41;288,15;869,81;343;429;25;0;25;43,04;53,83;3,14;0;3,14;0,07;0;NA;NA;7320;40,25;46,23;54,05;82,0;113;61,12;78,57;85,90;103,6;113;-1,71;139,01;2033,52;2697,58;3272,64;3683,74;3683,74
48;2024-03-30;885;480644;1216975,32;543,10;1375,11;226;563;96;0;96;25,54;63,62;10,85;0;10,85;0,42;0;NA;NA;13228;34,18;45,17;46,05;62,0;103;66,13;74,10;77,85;91,4;103;-1,56;642,64;3132,51;4049,70;4956,20;5637,97;5637,97
48;2024-03-31;81;60133;136040,24;742,38;1679,51;17;55;9;0;9;20,99;67,90;11,11;0;11,11;0,53;0;NA;NA;1819;29,75;41,67;46,65;59,6;101;30,27;51,77;61,10;82,4;101;-0,74;NA;NA;432,60;2180,74;2882,38;2882,38
48;2024-04-01;519;77314;221517,37;148,97;426,82;317;199;3;0;3;61,08;38,34;0,58;0;0,58;0,01;0;NA;NA;2516;16,08;28,63;39,60;59,6;93;28,68;43,13;52,35;80,6;93;-1,97;0,00;510,43;1400,00;1986,38;2287,98;2287,98
49;2024-03-27;712;290844;672807,55;408,49;944,95;356;304;52;0;52;50,00;42,70;7,30;0;7,30;0,15;0;NA;NA;5961;34,52;63,50;88,95;131,2;146;62,47;91,23;109,80;136,4;146;-1,44;3,00;1899,23;3181,84;4597,38;6585,17;6585,17
49;2024-03-28;758;408056;914819,68;538,33;1206,89;239;449;70;0;70;31,53;59,23;9,23;0;9,23;0,29;0;NA;NA;12405;70,17;81,30;83,65;114,0;134;97,82;112,50;117,85;128,2;134;-1,39;287,10;2606,26;3941,97;5014,07;5573,11;5573,11
49;2024-03-29;882;274435;727642,16;311,15;824,99;419;415;48;0;48;47,51;47,05;5,44;0;5,44;0,11;0;NA;NA;8902;41,32;63,30;76,00;87,2;108;74,63;87,97;93,35;104,2;108;-1,76;156,88;2084,40;3067,85;4179,88;4835,44;4835,44
49;2024-03-30;792;260509;694225,33;328,93;876,55;402;329;61;0;61;50,76;41,54;7,70;0;7,70;0,15;0;NA;NA;7736;50,05;54,17;56,40;73,2;99;60,17;68,40;73,00;86,2;99;-1,59;21,26;2316,29;3458,91;4175,92;4619,27;4619,27
49;2024-03-31;690;357832;691636,82;518,60;1002,37;352;257;81;0;81;51,01;37,25;11,74;0;11,74;0,23;0;NA;NA;10317;114,10;122,00;123,80;130,0;148;117,67;129,33;133,75;140,8;148;-1,28;0,00;2230,82;3859,64;4664,13;5237,02;5237,02
49;2024-04-01;676;152978;388959,76;226,30;575,38;323;335;18;0;18;47,78;49,56;2,66;0;2,66;0,06;0;NA;NA;3573;16,82;23,07;25,25;40,0;106;32,88;46,47;54,60;80,0;106;-1,95;32,00;1045,72;1856,42;2629,60;3549,28;3549,28
50;2024-03-27;804;563599;1235051,28;700,99;1536,13;265;422;117;0;117;32,96;52,49;14,55;0;14,55;0,44;0;NA;NA;11487;48,95;53,83;60,20;80,2;108;65,78;77,47;82,70;96,0;108;-1,36;417,04;3396,86;4665,40;5798,81;6406,09;6406,09
50;2024-03-28;830;432717;977725,24;521,35;1177,98;268;499;63;0;63;32,29;60,12;7,59;0;7,59;0,24;0;NA;NA;13153;45,22;56,47;66,70;108,8;126;90,08;103,43;108,90;121,2;126;-1,68;379,53;2590,36;3529,30;4247,38;5665,12;5665,12
50;2024-03-29;711;139613;355900,68;196,36;500,56;440;252;19;0;19;61,88;35,44;2,67;0;2,67;0,04;0;NA;NA;3027;17,97;31,60;44,80;76,0;123;34,55;47,63;57,60;112,4;123;-1,95;0,00;1110,59;1889,51;2638,40;3820,80;3820,80
50;2024-03-30;755;164513;488419,93;217,90;646,91;376;366;13;0;13;49,80;48,48;1,72;0;1,72;0,03;0;NA;NA;3700;19,83;21,67;23,50;32,4;47;28,58;33,63;35,80;42,0;47;-1,90;43,08;1659,53;2406,09;2943,49;3376,81;3376,81
50;2024-03-31;676;820069;1643920,83;1213,12;2431,84;69;413;194;0;194;10,21;61,09;28,70;0;28,70;2,81;0;NA;NA;17505;70,82;73,70;76,65;89,4;120;86,62;93,87;97,55;108,2;120;-1,05;685,38;4846,75;5947,53;6979,59;7846,54;7846,54
50;2024-04-01;702;616745;1199082,92;878,55;1708,10;134;463;105;0;105;19,09;65,95;14,96;0;14,96;0,78;0;NA;NA;19921;61,02;73,20;76,85;106,8;136;108,12;117,53;121,75;130,0;136;-1,60;531,80;3276,44;3978,34;4697,93;5523,15;5523,15
51;2024-03-27;316;96862;235214,29;306,53;744,35;175;133;8;0;8;55,38;42,09;2,53;0;2,53;0,05;0;NA;NA;2470;16,67;24,63;26,75;54,4;84;32,80;45,57;55,25;75,0;84;-1,60;NA;413,98;1711,67;2521,05;2953,46;2953,46
51;2024-03-28;713;382530;815718,83;536,51;1144,07;276;365;72;0;72;38,71;51,19;10,10;0;10,10;0,26;0;NA;NA;8881;36,67;38,73;45,15;70,4;132;66,75;80,53;89,05;110,2;132;-1,54;119,99;2376,77;3683,04;4916,14;5801,68;5801,68
51;2024-03-29;696;313220;708599,20;450,03;1018,10;309;325;62;0;62;44,40;46,70;8,91;0;8,91;0,20;0;NA;NA;6552;35,68;39,83;44,65;73,4;109;55,83;69,57;77,45;98,6;109;-1,72;41,32;2150,53;3484,20;4581,05;5333,49;5333,49
51;2024-03-30;110;44463;116518,11;404,21;1059,26;46;57;7;0;7;41,82;51,82;6,36;0;6,36;0,15;0;NA;NA;756;9,58;14,07;17,75;22,6;41;12,42;20,00;23,80;31,2;41;-1,20;NA;NA;247,41;1607,25;2787,44;2787,44
51;2024-03-31;562;301071;742257,65;535,71;1320,74;152;369;41;0;41;27,05;65,66;7,30;0;7,30;0,27;0;NA;NA;6427;24,98;26,83;32,75;60,0;91;46,22;56,37;62,00;78,0;91;-1,59;36,65;2307,77;3020,21;3896,25;4390,77;4390,77
51;2024-04-01;2;3483;5334,57;1741,50;2667,28;0;1;1;0;1;0,00;50,00;50,00;0;50,00;Inf;0;NA;NA;57;0,93;1,87;2,80;11,2;56;0,95;1,90;2,85;11,4;56;0,00;NA;NA;NA;NA;NA;NA
55;2024-03-27;662;383230;989387,79;578,90;1494,54;181;400;81;0;81;27,34;60,42;12,24;0;12,24;0,45;0;NA;NA;7934;22,42;29,67;38,30;62,8;98;58,10;70,77;77,40;94,8;98;-1,37;181,01;2774,92;3879,57;5065,68;7254,96;7254,96
55;2024-03-28;766;286760;796337,43;374,36;1039,61;240;484;42;0;42;31,33;63,19;5,48;0;5,48;0,17;0;NA;NA;8168;24,58;39,83;52,10;70,4;140;65,15;80,00;89,15;114,2;140;-1,84;276,92;2137,27;2963,71;3856,98;4751,40;4751,40
55;2024-03-29;618;253667;677018,74;410,46;1095,50;132;452;34;0;34;21,36;73,14;5,50;0;5,50;0,26;0;NA;NA;6702;25,30;38,50;40,00;56,2;107;55,48;68,57;75,80;96,0;107;-1,75;200,66;1946,82;2754,04;3541,62;4115,69;4115,69
55;2024-03-30;1;27;53,95;27,00;53,95;1;0;0;0;0;100,00;0,00;0,00;0;0,00;0,00;0;NA;NA;1;0,02;0,03;0,05;0,2;1;0,02;0,03;0,05;0,2;1;NA;NA;NA;NA;NA;NA;NA
55;2024-03-31;0;0;0,00;NA;NA;0;0;0;0;0;NA;NA;NA;NA;NA;NA;0;NA;NA;0;0,00;0,00;0,00;0,0;0;0,00;0,00;0,00;0,0;0;NA;NA;NA;NA;NA;NA;NA
55;2024-04-01;8;7066;18956,51;883,25;2369,56;2;3;3;0;3;25,00;37,50;37,50;0;37,50;1,50;0;NA;NA;97;1,60;3,20;4,80;16,6;26;1,62;3,23;4,85;18,4;26;-0,13;NA;NA;NA;NA;NA;NA
56;2024-03-27;705;353088;815180,21;500,83;1156,28;330;310;65;0;65;46,81;43,97;9,22;0;9,22;0,20;0;NA;NA;4754;14,03;19,83;24,40;50,8;63;33,10;39,90;43,55;54,4;63;-1,53;3,00;2416,27;3640,48;5080,40;7131,70;7131,70
56;2024-03-28;557;414753;798133,66;744,62;1432,92;134;359;64;0;64;24,06;64,45;11,49;0;11,49;0,48;0;NA;NA;9104;33,20;41,70;52,80;120,8;126;77,73;99,00;108,75;122,2;126;-1,55;91,97;2190,25;3518,53;5161,68;6067,37;6067,37
56;2024-03-29;871;241835;624767,24;277,65;717,30;386;454;31;0;31;44,32;52,12;3,56;0;3,56;0,08;0;NA;NA;6794;22,33;37,30;54,00;116,6;122;63,30;84,63;96,55;120,2;122;-2,00;194,63;1688,43;2623,74;3627,48;4120,37;4120,37
56;2024-03-30;0;0;0,00;NA;NA;0;0;0;0;0;NA;NA;NA;NA;NA;NA;0;NA;NA;0;0,00;0,00;0,00;0,0;0;0,00;0,00;0,00;0,0;0;NA;NA;NA;NA;NA;NA;NA
56;2024-03-31;0;0;0,00;NA;NA;0;0;0;0;0;NA;NA;NA;NA;NA;NA;0;NA;NA;0;0,00;0,00;0,00;0,0;0;0,00;0,00;0,00;0,0;0;NA;NA;NA;NA;NA;NA;NA
56;2024-04-01;0;0;0,00;NA;NA;0;0;0;0;0;NA;NA;NA;NA;NA;NA;0;NA;NA;0;0,00;0,00;0,00;0,0;0;0,00;0,00;0,00;0,0;0;NA;NA;NA;NA;NA;NA;NA
57;2024-03-27;683;123816;361186,63;181,28;528,82;351;319;13;0;13;51,39;46,71;1,90;0;1,90;0,04;0;NA;NA;4049;14,40;18,77;26,95;77,2;125;41,85;58,70;70,40;108,8;125;-2,00;12,28;1037,66;1715,98;2345,48;3203,47;3203,47
57;2024-03-28;715;232602;580893,42;325,32;812,44;313;370;32;0;32;43,78;51,75;4,48;0;4,48;0,10;0;NA;NA;7769;31,22;42,30;61,10;120,4;195;79,12;108,07;122,10;142,2;195;-1,81;75,00;1721,76;2710,51;3641,92;4252,27;4252,27
57;2024-03-29;737;151085;516995,52;205,00;701,49;301;424;12;0;12;40,84;57,53;1,63;0;1,63;0,04;0;NA;NA;5532;15,95;21,33;28,75;47,0;101;45,78;60,00;69,35;90,6;101;-2,08;81,19;1488,75;2006,02;2528,34;3170,43;3170,43
57;2024-03-30;575;219095;579385,18;381,03;1007,63;162;396;17;0;17;28,17;68,87;2,96;0;2,96;0,10;0;NA;NA;8173;31,98;52,77;58,20;122,2;133;80,10;102,47;112,00;130,8;133;-1,69;45,00;1710,39;2448,95;3067,90;3517,33;3517,33
57;2024-03-31;870;311453;770894,20;357,99;886,09;386;447;37;0;37;44,37;51,38;4,25;0;4,25;0,10;0;NA;NA;11632;84,82;87,80;91,15;112,6;130;99,05;111,43;116,15;127,8;130;-1,82;184,99;2607,54;3231,75;3698,00;4378,90;4378,90
57;2024-04-01;602;183865;478794,64;305,42;795,34;272;290;40;0;40;45,18;48,17;6,64;0;6,64;0,15;0;NA;NA;6698;75,83;99,77;103,00;112,0;160;80,23;108,47;114,25;126,6;160;-1,75;17,00;1419,19;2702,11;3586,77;3990,01;3990,01
58;2024-03-27;170;26258;68439,19;154,46;402,58;133;33;4;0;4;78,24;19,41;2,35;0;2,35;0,03;0;NA;NA;311;2,17;4,00;5,85;13,4;27;5,18;9,73;13,05;23,4;27;-1,30;NA;0,00;51,05;631,62;1820,04;1820,04
58;2024-03-28;145;10128;20764,54;69,85;143,20;135;9;1;0;1;93,10;6,21;0,69;0;0,69;0,01;0;NA;NA;56;0,65;1,20;1,80;5,8;27;0,93;1,87;2,80;8,6;27;-1,16;NA;0,00;0,00;0,00;12,00;12,00
58;2024-03-29;636;321238;851056,73;505,09;1338,14;186;377;73;0;73;29,25;59,28;11,48;0;11,48;0,39;0;NA;NA;7128;30,70;44,27;57,30;73,4;113;62,03;76,93;83,00;98,8;113;-1,47;117,87;2569,89;3743,11;5137,91;5850,75;5850,75
58;2024-03-30;4;1408;2605,86;352,00;651,46;2;2;0;0;0;50,00;50,00;0,00;0;0,00;0,00;0;NA;NA;11;0,12;0,23;0,35;1,4;7;0,18;0,37;0,55;2,2;7;-0,56;NA;NA;NA;NA;NA;NA
58;2024-03-31;0;0;0,00;NA;NA;0;0;0;0;0;NA;NA;NA;NA;NA;NA;0;NA;NA;0;0,00;0,00;0,00;0,0;0;0,00;0,00;0,00;0,0;0;NA;NA;NA;NA;NA;NA;NA
58;2024-04-01;2;3;32,00;1,50;16,00;2;0;0;0;0;100,00;0,00;0,00;0;0,00;0,00;0;NA;NA;0;0,00;0,00;0,00;0,0;0;0,00;0,00;0,00;0,0;0;NA;NA;NA;NA;NA;NA;NA
59;2024-03-27;710;262776;616421,12;370,11;868,20;293;386;31;0;31;41,27;54,37;4,37;0;4,37;0,11;0;NA;NA;6828;20,67;24,17;32,50;86,4;115;57,70;79,33;92,55;113,6;115;-1,85;81,64;1750,57;2563,68;3478,28;4252,61;4252,61
59;2024-03-28;598;308724;634028,34;516,26;1060,25;271;277;50;0;50;45,32;46,32;8,36;0;8,36;0,18;0;NA;NA;7530;41,78;49,07;63,55;93,8;140;69,02;88,53;97,80;125,4;140;-1,59;15,81;2172,38;3097,43;4045,56;4605,01;4605,01
59;2024-03-29;891;296115;617609,49;332,34;693,16;493;363;35;0;35;55,33;40,74;3,93;0;3,93;0,07;0;NA;NA;7363;27,25;49,27;59,75;100,0;118;64,78;83,70;92,35;111,0;118;-1,86;99,67;1877,00;2789,97;3609,43;4774,91;4774,91
59;2024-03-30;683;253284;577913,44;370,84;846,14;296;366;21;0;21;43,34;53,59;3,07;0;3,07;0,07;0;NA;NA;4707;22,68;30,93;39,10;44,2;66;32,30;39,17;43,10;56,4;66;-1,64;27,00;1853,62;2596,91;3172,00;3670,94;3670,94
59;2024-03-31;265;106461;231271,08;401,74;872,72;151;96;18;0;18;56,98;36,23;6,79;0;6,79;0,12;0;NA;NA;3183;43,35;53,27;68,90;94,6;108;47,92;67,00;78,10;103,2;108;-1,17;NA;166,48;1694,51;2886,90;3937,40;3937,40
59;2024-04-01;638;252635;619080,18;395,98;970,35;264;350;24;0;24;41,38;54,86;3,76;0;3,76;0,09;0;NA;NA;6466;33,80;43,90;49,90;64,4;98;48,85;59,90;66,20;88,8;98;-1,48;33,30;2091,01;2932,37;3303,23;3973,88;3973,88
62;2024-04-05;879;285360;667426,58;324,64;759,30;396;448;35;0;35;45,05;50,97;3,98;0;3,98;0,09;0;NA;NA;7527;27,57;39,37;48,80;91,4;131;64,75;84,57;94,95;122,8;131;-1,97;184,14;1869,83;2598,02;3671,27;4123,12;4123,12
62;2024-04-06;760;247145;628800,06;325,19;827,37;321;403;36;0;36;42,24;53,03;4,74;0;4,74;0,11;0;NA;NA;4569;18,30;32,40;42,45;73,8;137;37,70;50,17;59,55;108,0;137;-1,93;111,02;1840,30;2712,81;3634,07;4335,44;4335,44
62;2024-04-07;805;224154;621297,11;278,45;771,80;322;463;20;0;20;40,00;57,52;2,48;0;2,48;0,06;0;NA;NA;4611;16,38;17,73;20,55;43,4;101;34,17;43,30;49,65;71,6;101;-1,92;185,34;1765,22;2507,23;2995,15;3873,33;3873,33
62;2024-04-08;821;315359;738246,62;384,12;899,20;326;451;44;0;44;39,71;54,93;5,36;0;5,36;0,13;0;NA;NA;8199;29,72;40,83;47,30;95,8;141;69,63;85,67;94,65;122,8;141;-1,82;214,96;2068,21;3018,62;3888,33;4363,41;4363,41
62;2024-04-09;806;445919;902414,88;553,25;1119,62;296;439;71;0;71;36,72;54,47;8,81;0;8,81;0,24;0;NA;NA;11511;44,30;80,53;110,15;114,6;132;103,40;114,63;117,10;123,2;132;-1,74;251,51;2708,95;3513,47;4127,74;4955,39;4955,39
62;2024-04-10;390;107507;286958,14;275,66;735,79;187;197;6;0;6;47,95;50,51;1,54;0;1,54;0,03;0;NA;NA;3796;27,03;29,97;38,95;94,6;113;48,28;72,30;87,55;110,4;113;-1,18;NA;916,49;1886,75;2702,10;3052,65;3052,65
63;2024-04-05;663;559176;1348690,84;843,40;2034,22;73;459;131;0;131;11,01;69,23;19,76;0;19,76;1,79;0;NA;NA;11454;55,82;63,27;68,90;106,8;160;79,88;94,93;103,10;130,6;160;-1,42;651,62;3513,59;5113,09;6264,44;7028,76;7028,76
63;2024-04-06;779;718841;1501933,02;922,77;1928,03;274;323;182;0;182;35,17;41,46;23,36;0;23,36;0,66;0;NA;NA;15189;58,68;68,97;72,20;94,0;142;95,33;106,13;111,60;127,8;142;-1,18;247,14;4561,64;6244,38;7311,50;8215,16;8215,16
63;2024-04-07;704;272138;635493,62;386,56;902,69;349;310;45;0;45;49,57;44,03;6,39;0;6,39;0,13;0;NA;NA;4681;17,92;25,03;30,15;74,2;106;41,53;55,70;64,30;99,4;106;-1,72;23,00;2165,48;3139,99;3877,04;4527,50;4527,50
63;2024-04-08;641;564229;1127220,06;880,23;1758,53;96;443;102;0;102;14,98;69,11;15,91;0;15,91;1,06;0;NA;NA;9876;38,40;45,10;57,20;102,2;106;64,05;74,53;80,70;104,0;106;-1,40;384,08;3151,47;4937,62;6111,32;7087,30;7087,30
63;2024-04-09;804;588779;1235525,63;732,31;1536,72;266;408;130;0;130;33,08;50,75;16,17;0;16,17;0,49;0;NA;NA;14725;52,12;84,47;114,20;123,2;134;107,20;118,17;121,50;127,8;134;-1,50;360,00;3659,90;4875,64;6162,48;6995,70;6995,70
63;2024-04-10;362;285146;547177,52;787,70;1511,54;184;117;61;0;61;50,83;32,32;16,85;0;16,85;0,33;0;NA;NA;5841;58,62;70,63;88,20;113,2;144;77,37;99,77;106,90;127,2;144;-1,15;NA;1430,63;3697,62;5988,88;7133,16;7133,16
72;2024-04-13;827;469000;1099656,25;567,11;1329,69;237;497;93;0;93;28,66;60,10;11,25;0;11,25;0,39;0;NA;NA;9417;33,03;37,70;42,80;66,4;92;62,12;74,07;79,60;89,0;92;-1,59;476,27;2786,26;4453,48;5557,74;6170,03;6170,03
72;2024-04-14;740;344008;917140,48;464,88;1239,38;265;402;73;0;73;35,81;54,32;9,86;0;9,86;0,28;0;NA;NA;8494;40,83;55,97;59,75;83,4;130;65,38;81,33;88,75;109,2;130;-1,63;154,05;2766,25;3626,60;4190,66;4932,51;4932,51
72;2024-04-15;835;290773;818962,82;348,23;980,79;276;506;53;0;53;33,05;60,60;6,35;0;6,35;0,19;0;NA;NA;9590;42,33;51,47;62,80;125,4;128;73,40;89,27;98,60;126,0;128;-1,64;313,24;2408,43;3356,32;3922,47;4378,58;4378,58
72;2024-04-16;866;296319;854414,44;342,17;986,62;277;543;46;0;46;31,99;62,70;5,31;0;5,31;0,17;0;NA;NA;8844;42,93;50,17;62,30;114,4;123;70,50;87,77;97,00;116,4;123;-1,60;382,79;2358,76;3050,84;3803,21;4346,34;4346,34
72;2024-04-17;825;201776;673847,11;244,58;816,78;281;519;25;0;25;34,06;62,91;3,03;0;3,03;0,09;0;NA;NA;4738;25,62;38,97;46,20;98,6;124;42,70;60,23;72,40;111,0;124;-2,07;313,80;1795,90;2426,72;3229,24;4060,62;4060,62
73;2024-04-13;834;594365;1438521,27;712,67;1724,85;252;413;169;0;169;30,22;49,52;20,26;0;20,26;0,67;0;NA;NA;17081;61,60;95,47;93,10;126,0;129;95,47;117,67;123,90;127,8;129;-1,25;641,31;4356,63;5069,45;5733,49;6104,37;6104,37
73;2024-04-14;821;550808;1139623,19;670,90;1388,09;348;323;150;0;150;42,39;39,34;18,27;0;18,27;0,43;0;NA;NA;14828;96,05;113,13;118,30;126,0;152;110,17;121,13;124,75;133,6;152;-1,52;156,47;3843,73;4764,60;5264,31;5833,69;5833,69
73;2024-04-15;777;401800;937820,23;517,12;1206,98;331;361;85;0;85;42,60;46,46;10,94;0;10,94;0,26;0;NA;NA;10363;34,42;55,63;64,40;107,6;133;74,90;88,53;95,85;119,4;133;-1,43;119,27;2831,73;4282,10;5763,86;6437,07;6437,07
73;2024-04-16;801;596303;1268820,66;744,45;1584,05;279;387;135;0;135;34,83;48,31;16,85;0;16,85;0,48;0;NA;NA;14307;46,32;62,47;67,15;98,6;114;84,22;93,43;97,40;108,8;114;-1,33;275,23;3710,76;5477,33;6469,86;7513,56;7513,56
73;2024-04-17;668;357513;883663,51;535,20;1322,85;298;278;92;0;92;44,61;41,62;13,77;0;13,77;0,31;0;NA;NA;9168;38,92;54,67;59,90;76,0;124;65,82;74,90;80,30;105,4;124;-1,34;4,00;2882,51;4619,99;5602,12;6322,08;6322,08
74;2024-04-13;549;215059;636922,35;391,73;1160,15;165;343;41;0;41;30,05;62,48;7,47;0;7,47;0,25;0;NA;NA;6989;42,08;52,73;70,20;95,0;114;64,48;80,17;87,85;108,0;114;-1,47;3,00;1889,74;2954,44;3857,50;5255,97;5255,97
74;2024-04-14;654;343437;1005349,91;525,13;1537,23;158;399;97;0;97;24,16;61,01;14,83;0;14,83;0,61;0;NA;NA;10446;35,62;57,57;68,95;76,6;123;65,65;76,00;82,50;104,0;123;-1,20;226,31;3163,06;3966,33;4606,44;5118,65;5118,65
74;2024-04-15;0;0;0,00;NA;NA;0;0;0;0;0;NA;NA;NA;NA;NA;NA;0;NA;NA;0;0,00;0,00;0,00;0,0;0;0,00;0,00;0,00;0,0;0;NA;NA;NA;NA;NA;NA;NA
74;2024-04-16;759;308170;846067,26;406,02;1114,71;288;407;64;0;64;37,94;53,62;8,43;0;8,43;0,22;0;NA;NA;9809;37,83;56,50;63,05;86,8;104;75,12;86,73;91,00;103,2;104;-1,38;157,06;2513,64;3505,18;4743,65;5109,67;5109,67
74;2024-04-17;2;1575;3532,32;787,50;1766,16;1;0;1;0;1;50,00;0,00;50,00;0;50,00;1,00;0;NA;NA;10;0,15;0,30;0,45;1,8;9;0,17;0,33;0,50;2,0;9;0,00;NA;NA;NA;NA;NA;NA
75;2024-04-13;397;111138;337277,00;279,94;849,56;138;246;13;0;13;34,76;61,96;3,27;0;3,27;0,09;0;NA;NA;2685;15,55;21,50;23,80;34,8;76;27,87;36,87;41,70;57,4;76;-1,67;NA;1040,14;1779,36;2537,03;3226,90;3226,90
75;2024-04-14;586;276267;621464,98;471,45;1060,52;189;349;48;0;48;32,25;59,56;8,19;0;8,19;0,25;0;NA;NA;6662;43,57;50,87;61,60;123,6;130;62,58;87,03;102,90;125,6;130;-1,59;21,22;1717,16;3090,82;4173,63;5158,35;5158,35
75;2024-04-15;787;325790;789371,25;413,96;1003,01;213;529;45;0;45;27,06;67,22;5,72;0;5,72;0,21;0;NA;NA;8228;29,63;39,07;48,85;118,6;125;65,45;83,30;94,10;119,2;125;-1,73;315,56;2122,03;2999,05;4030,48;5298,61;5298,61
75;2024-04-16;762;352356;894881,74;462,41;1174,39;163;552;47;0;47;21,39;72,44;6,17;0;6,17;0,29;0;NA;NA;9618;23,20;35,90;39,85;72,0;109;63,30;75,77;81,65;101,6;109;-1,69;410,77;2385,61;3254,06;3859,38;4751,67;4751,67
75;2024-04-17;708;295703;811341,52;417,66;1145,96;163;506;39;0;39;23,02;71,47;5,51;0;5,51;0,24;0;NA;NA;6078;23,92;38,70;45,40;79,8;128;48,48;66,53;78,00;116,8;128;-1,78;381,12;2091,62;2904,82;3904,24;5117,61;5117,61
76;2024-04-13;519;141854;446102,54;273,32;859,54;166;343;10;0;10;31,98;66,09;1,93;0;1,93;0,06;0;NA;NA;3497;16,25;19,70;22,55;37,8;97;32,88;43,47;49,40;67,8;97;-1,95;0,00;1419,94;2111,03;2789,73;3128,64;3128,64
76;2024-04-14;729;248085;736127,21;340,31;1009,78;243;447;39;0;39;33,33;61,32;5,35;0;5,35;0,16;0;NA;NA;5156;16,12;23,33;24,90;41,2;65;35,72;41,77;45,20;58,2;65;-1,83;197,29;2136,67;2872,02;3734,09;4588,67;4588,67
76;2024-04-15;745;261953;691295,04;351,61;927,91;294;402;49;0;49;39,46;53,96;6,58;0;6,58;0,17;0;NA;NA;7477;26,58;31,70;40,25;101,4;113;60,60;75,37;84,00;109,6;113;-1,79;150,62;2065,96;3084,44;3791,99;4363,33;4363,33
76;2024-04-16;806;311259;712689,66;386,18;884,23;331;440;35;0;35;41,07;54,59;4,34;0;4,34;0,11;0;NA;NA;7349;25,77;40,67;54,30;97,0;110;64,05;79,50;87,70;105,6;110;-1,83;177,05;2153,13;3030,23;3667,17;4208,17;4208,17
76;2024-04-17;31;4547;9754,97;146,68;314,68;28;2;1;0;1;90,32;6,45;3,23;0;3,23;0,04;0;NA;NA;25;0,42;0,77;1,15;4,6;20;0,42;0,83;1,25;5,0;20;-0,94;NA;NA;NA;0,00;0,00;0,00
77;2024-04-13;881;682758;1529189,89;774,98;1735,74;190;555;136;0;136;21,57;63,00;15,44;0;15,44;0,72;0;NA;NA;13871;47,17;65,37;73,00;100,4;129;74,52;89,53;98,05;117,2;129;-1,42;1104,15;3613,76;4706,54;5962,67;6957,44;6957,44
77;2024-04-14;597;381857;868303,04;639,63;1454,44;222;291;84;0;84;37,19;48,74;14,07;0;14,07;0,38;0;NA;NA;8030;49,78;58,10;68,05;130,0;136;71,60;97,43;114,70;133,4;136;-1,48;0,00;2751,97;4139,65;5013,90;6070,22;6070,22
77;2024-04-15;704;377629;964950,20;536,40;1370,67;119;500;85;0;85;16,90;71,02;12,07;0;12,07;0,71;0;NA;NA;9226;38,22;51,37;63,85;101,8;134;71,48;85,10;91,65;116,4;134;-1,56;374,32;2774,84;3927,86;5071,22;5896,36;5896,36
77;2024-04-16;57;4265;17659,00;74,82;309,81;30;27;0;0;0;52,63;47,37;0,00;0;0,00;0,00;0;NA;NA;45;0,73;0,93;1,30;2,6;11;0,75;1,50;2,25;5,0;11;-1,74;NA;NA;NA;92,00;363,78;363,78
77;2024-04-17;675;464462;1128773,98;688,09;1672,26;147;446;82;0;82;21,78;66,07;12,15;0;12,15;0,56;0;NA;NA;6306;21,53;25,37;30,90;46,2;67;38,72;46,97;51,85;62,0;67;-1,65;399,83;3020,69;3748,32;4739,62;5644,04;5644,04
79;2024-04-13;2;193;683,69;96,50;341,85;1;1;0;0;0;50,00;50,00;0,00;0;0,00;0,00;0;NA;NA;2;0,03;0,07;0,10;0,4;2;0,03;0,07;0,10;0,4;2;0,00;NA;NA;NA;NA;NA;NA
79;2024-04-14;0;0;0,00;NA;NA;0;0;0;0;0;NA;NA;NA;NA;NA;NA;0;NA;NA;0;0,00;0,00;0,00;0,0;0;0,00;0,00;0,00;0,0;0;NA;NA;NA;NA;NA;NA;NA
79;2024-04-15;2;313;535,43;156,50;267,72;0;2;0;0;0;0,00;100,00;0,00;0;0,00;NA;0;NA;NA;2;0,02;0,03;0,05;0,2;1;0,03;0,07;0,10;0,4;1;NA;NA;NA;NA;NA;NA;NA
79;2024-04-16;1;9;61,80;9,00;61,80;1;0;0;0;0;100,00;0,00;0,00;0;0,00;0,00;0;NA;NA;1;0,02;0,03;0,05;0,2;1;0,02;0,03;0,05;0,2;1;NA;NA;NA;NA;NA;NA;NA
79;2024-04-17;657;235833;645796,05;358,95;982,95;184;434;39;0;39;28,01;66,06;5,94;0;5,94;0,21;0;NA;NA;4833;22,27;38,87;42,85;63,2;133;44,17;56,53;64,15;94,8;133;-1,72;154,84;1788,35;2785,47;3717,44;4683,08;4683,08
84;2024-04-13;826;526531;1127726,10;637,45;1365,29;265;468;93;0;93;32,08;56,66;11,26;0;11,26;0,35;0;NA;NA;8762;37,43;40,80;48,20;83,4;111;59,43;72,87;80,75;99,4;111;-1,58;322,39;3001,89;3971,74;5146,31;11043,99;11043,99
84;2024-04-14;714;570328;1095271,39;798,78;1533,99;214;438;62;0;62;29,97;61,34;8,68;0;8,68;0,29;0;NA;NA;8135;34,05;53,83;62,15;94,6;98;57,37;70,17;78,20;95,0;98;-1,41;241,44;2632,58;3561,04;4776,36;9790,45;9790,45
84;2024-04-15;765;591629;1157809,29;773,37;1513,48;158;499;108;0;108;20,65;65,23;14,12;0;14,12;0,68;0;NA;NA;16242;87,10;116,47;139,90;169,2;177;122,87;142,40;156,20;172,6;177;-1,55;448,31;3314,58;4284,95;5266,16;6230,06;6230,06
84;2024-04-16;730;422884;1075672,73;579,29;1473,52;87;564;79;0;79;11,92;77,26;10,82;0;10,82;0,91;0;NA;NA;10313;34,63;45,17;50,50;108,2;124;80,57;99,20;107,10;119,8;124;-1,58;587,20;2805,31;3831,45;4479,25;5267,23;5267,23
84;2024-04-17;482;215776;595637,16;447,67;1235,76;136;311;35;0;35;28,22;64,52;7,26;0;7,26;0,26;0;NA;NA;4780;22,65;28,53;30,50;41,8;90;40,22;49,00;54,05;71,2;90;-1,66;0,00;1920,17;2733,82;3671,11;4140,06;4140,06
85;2024-04-13;797;122343;347446,32;153,50;435,94;520;273;4;0;4;65,24;34,25;0,50;0;0,50;0,01;0;NA;NA;3729;20,07;27,77;28,15;48,2;90;36,88;49,30;57,65;79,8;90;-1,71;0,00;1200,75;1779,96;2383,93;2868,09;2868,09
85;2024-04-14;660;204292;481859,67;309,53;730,09;381;249;30;0;30;57,73;37,73;4,55;0;4,55;0,08;0;NA;NA;6061;42,10;64,57;78,15;98,8;120;55,02;72,53;82,45;108,6;120;-1,77;0,00;1444,60;2495,46;3447,84;4378,55;4378,55
85;2024-04-15;743;368036;687962,53;495,34;925,93;370;325;48;0;48;49,80;43,74;6,46;0;6,46;0,13;0;NA;NA;13307;84,75;110,30;124,90;159,2;174;112,82;131,03;140,95;161,4;174;-1,63;54,43;2335,42;3201,51;3893,64;4718,44;4718,44
85;2024-04-16;995;356260;852039,18;358,05;856,32;425;513;57;0;57;42,71;51,56;5,73;0;5,73;0,13;0;NA;NA;11589;37,98;46,10;58,50;102,6;146;83,55;101,23;109,55;123,8;146;-1,58;297,22;2323,03;3369,68;4410,51;5350,47;5350,47
85;2024-04-17;486;43660;117045,75;89,84;240,83;404;77;5;0;5;83,13;15,84;1,03;0;1,03;0,01;0;NA;NA;1106;8,10;14,57;20,00;41,8;76;17,50;28,47;34,55;57,4;76;-1,87;0,00;30,12;456,59;1578,88;2415,31;2415,31
86;2024-04-13;753;869920;1821096,49;1155,27;2418,45;112;429;212;0;212;14,87;56,97;28,15;0;28,15;1,89;0;NA;NA;14628;46,75;55,53;64,35;108,6;166;72,57;87,13;95,50;133,6;166;-1,10;779,33;4978,38;6272,92;7216,42;9218,48;9218,48
86;2024-04-14;719;407098;1159874,11;566,20;1613,18;161;464;94;0;94;22,39;64,53;13,07;0;13,07;0,58;0;NA;NA;10222;34,45;41,50;44,55;54,4;96;48,70;55,10;58,20;72,2;96;-1,34;553,95;3081,83;4099,80;4905,04;5537,85;5537,85
86;2024-04-15;873;450118;957876,54;515,60;1097,22;338;462;73;0;73;38,72;52,92;8,36;0;8,36;0,22;0;NA;NA;15183;86,75;123,70;149,25;187,2;190;122,28;148,10;165,85;187,6;190;-1,60;271,50;2704,68;3606,21;4716,94;6480,17;6480,17
86;2024-04-16;776;265158;820792,72;341,70;1057,72;185;553;38;0;38;23,84;71,26;4,90;0;4,90;0,21;0;NA;NA;7723;33,58;41,07;43,70;97,0;123;59,27;78,10;89,95;112,2;123;-1,76;380,04;2177,81;2963,75;3541,82;4003,47;4003,47
86;2024-04-17;539;234991;717907,13;435,98;1331,92;145;348;46;0;46;26,90;64,56;8,53;0;8,53;0,32;0;NA;NA;6997;24,22;28,97;35,55;45,8;118;48,98;59,77;66,40;92,0;118;-1,44;0,00;2308,61;3152,63;3810,89;4309,24;4309,24
89;2024-04-13;744;693955;1366829,39;932,74;1837,14;143;480;121;0;121;19,22;64,52;16,26;0;16,26;0,85;0;NA;NA;22085;60,50;80,37;98,80;111,4;127;103,82;108,73;110,55;115,4;127;-1,34;765,37;3443,08;4207,84;5066,72;5862,83;5862,83
89;2024-04-14;516;499729;1110270,16;968,47;2151,69;91;290;135;0;135;17,64;56,20;26,16;0;26,16;1,48;0;NA;NA;12220;37,30;48,50;49,40;83,6;115;65,37;75,00;81,05;99,0;115;-1,29;6,00;3595,32;4434,68;5071,66;5720,65;5720,65
89;2024-04-15;645;616075;1161856,50;955,16;1801,33;183;340;122;0;122;28,37;52,71;18,91;0;18,91;0,67;0;NA;NA;15886;89,13;120,57;143,35;175,8;182;118,60;142,80;157,55;177,0;182;-1,17;158,06;3456,16;5062,51;6793,82;8000,62;8000,62
89;2024-04-16;685;492634;1030054,92;719,17;1503,73;226;371;88;0;88;32,99;54,16;12,85;0;12,85;0,39;0;NA;NA;11158;46,75;60,27;80,50;101,6;139;84,83;97,13;104,00;121,2;139;-1,43;144,67;2834,21;4490,26;6882,87;7670,43;7670,43
89;2024-04-17;444;280675;613015,02;632,15;1380,66;137;255;52;0;52;30,86;57,43;11,71;0;11,71;0,38;0;NA;NA;5891;42,78;69,70;72,35;85,2;95;62,55;76,70;81,70;92,2;95;-1,34;NA;1624,16;3122,41;5964,83;7274,29;7274,29
91;2024-04-13;657;266938;613125,10;406,30;933,22;307;307;43;0;43;46,73;46,73;6,54;0;6,54;0,14;0;NA;NA;6847;30,22;39,07;44,80;73,0;114;58,68;72,13;79,50;104,0;114;-1,72;27,91;2145,58;3132,36;3613,69;4237,51;4237,51
91;2024-04-14;257;140181;368543,22;545,45;1434,02;68;167;22;0;22;26,46;64,98;8,56;0;8,56;0,32;0;NA;NA;3961;39,45;54,27;69,25;78,4;92;49,73;65,20;72,35;86,8;92;-1,45;NA;1251,19;2409,43;3219,89;3747,16;3747,16
91;2024-04-15;803;617665;1216145,15;769,20;1514,50;199;501;103;0;103;24,78;62,39;12,83;0;12,83;0,52;0;NA;NA;18132;94,50;125,97;151,95;184,8;190;131,08;154,83;170,15;187,2;190;-1,56;525,88;3191,68;4678,89;6312,76;7728,54;7728,54
91;2024-04-16;721;406482;924856,06;563,78;1282,74;187;467;67;0;67;25,94;64,77;9,29;0;9,29;0,36;0;NA;NA;9649;39,85;63,33;90,05;115,0;131;93,47;107,93;112,65;124,6;131;-1,57;303,37;2289,52;3736,68;5252,71;6524,79;6524,79
91;2024-04-17;665;413148;910622,91;621,28;1369,36;194;400;71;0;71;29,17;60,15;10,68;0;10,68;0,37;0;NA;NA;10885;56,22;62,10;76,15;121,0;139;93,92;114,47;119,95;129,6;139;-1,56;160,68;2486,49;3706,73;4696,52;6170,38;6170,38
95;2024-04-13;899;417798;1127141,33;464,74;1253,77;279;554;66;0;66;31,03;61,62;7,34;0;7,34;0,24;0;NA;NA;8795;21,07;24,63;35,40;68,0;101;59,27;73,83;81,50;97,6;101;-1,71;746,63;2857,97;3510,91;4366,53;5078,13;5078,13
95;2024-04-14;714;211861;667046,52;296,72;934,24;199;483;32;0;32;27,87;67,65;4,48;0;4,48;0,16;0;NA;NA;3917;11,80;12,93;18,35;34,2;68;29,00;37,97;43,00;56,2;68;-1,88;252,13;1913,22;2806,64;3583,26;3905,22;3905,22
95;2024-04-15;782;517091;1255654,80;661,24;1605,70;78;621;83;0;83;9,97;79,41;10,61;0;10,61;1,06;0;NA;NA;14888;79,53;108,93;121,20;154,6;180;114,13;129,20;136,50;169,4;180;-1,60;795,43;3074,71;3670,75;4524,18;6660,65;6660,65
95;2024-04-16;696;318107;833954,24;457,05;1198,21;169;481;46;0;46;24,28;69,11;6,61;0;6,61;0,27;0;NA;NA;7615;24,85;36,97;48,65;111,8;155;63,42;85,30;99,20;131,4;155;-1,64;270,92;2326,28;3033,94;4072,32;5237,94;5237,94
95;2024-04-17;468;606566;1072190,43;1296,08;2291,01;87;305;76;0;76;18,59;65,17;16,24;0;16,24;0,87;0;NA;NA;7983;61,45;77,90;80,60;104,2;123;74,47;86,57;91,50;106,6;123;-1,41;NA;2436,47;4058,04;7557,28;11583,38;11583,38
98;2024-04-13;274;125657;382183,87;458,60;1394,83;70;182;22;0;22;25,55;66,42;8,03;0;8,03;0,31;0;NA;NA;2771;18,52;21,60;27,35;33,2;44;27,37;32,27;34,45;40,6;44;-1,06;NA;1487,08;2402,06;3198,41;3736,33;3736,33
98;2024-04-14;677;167853;532028,74;247,94;785,86;258;411;8;0;8;38,11;60,71;1,18;0;1,18;0,03;0;NA;NA;5622;23,22;24,60;26,70;43,4;94;39,30;46,47;50,40;69,2;94;-1,92;39,00;1613,03;2127,55;2829,76;3155,89;3155,89
98;2024-04-15;781;348780;845667,17;446,58;1082,80;206;539;36;0;36;26,38;69,01;4,61;0;4,61;0,17;0;NA;NA;12652;78,10;110,17;128,25;168,0;185;109,73;133,87;147,25;179,0;185;-1,81;384,26;2228,45;2897,94;3633,91;5043,66;5043,66
98;2024-04-16;918;312878;934636,66;340,83;1018,12;287;594;37;0;37;31,26;64,71;4,03;0;4,03;0,13;0;NA;NA;9543;37,68;51,40;54,95;108,4;131;64,25;83,33;95,65;119,8;131;-1,84;616,84;2242,55;2952,59;3532,37;4124,71;4124,71
98;2024-04-17;682;212169;662859,94;311,10;971,94;184;477;21;0;21;26,98;69,94;3,08;0;3,08;0,11;0;NA;NA;6060;21,85;22,83;27,00;50,0;122;42,08;54,13;62,05;100,8;122;-1,78;230,22;1844,29;2575,66;3164,24;3761,52;3761,52
